Name,Team,Division,Bats,Throws,Born,Age,Position,League,Div,xp
Aaron Judge,NYY,AL East,R,R,USA,33,RF,AL,East,77.71343726800296
Aaron Bummer,ATL,NL East,L,L,USA,31,RP,NL,East,46.11284335560508
Aaron Nola,PHI,NL East,R,R,USA,32,SP,NL,East,47.4476614699332
Aaron Civale,CWS,AL Central,R,R,USA,30,SP,AL,Central,38.70378619153676
Aaron Ashby,MIL,NL Central,R,L,USA,27,RP,NL,Central,31.13882702301407
Andrew Abbott,CIN,NL Central,L,L,USA,26,SP,NL,Central,37.00519673348189
Mick Abel,MIN,AL Central,R,R,USA,23,SP,AL,Central,51.02152932442467
Abner Uribe,MIL,NL Central,R,R,DOM,25,RP,NL,Central,44.481069042316264
CJ Abrams,WSH,NL East,L,R,USA,24,SS,NL,East,67.55902004454347
Abraham Toro,BOS,AL East,S,R,CAN,28,1B,AL,East,117.89309576837418
Bryan Abreu,HOU,AL West,R,R,DOM,28,RP,AL,West,43.81885671863399
Wilyer Abreu,BOS,AL East,L,L,VEN,26,RF,AL,East,78.70230141054198
Maximo Acosta,MIA,NL East,R,R,VEN,22,SS,NL,East,135.03043801039357
Ronald Acuña Jr.,ATL,NL East,R,R,VEN,27,RF,NL,East,71.42093541202675
Luisangel Acuña,NYM,NL East,R,R,VEN,23,2B,NL,East,106.69042316258356
Adam Frazier,KC,AL Central,L,R,USA,33,2B,AL,Central,85.4595397178916
Willy Adames,SF,NL West,R,R,DOM,29,SS,NL,West,72.92947290274684
Jason Adam,SD,NL West,R,R,USA,33,RP,NL,West,50.59688195991093
Riley Adams,WSH,NL East,R,R,USA,29,C,NL,East,52.5003711952487
Jordyn Adams,BAL,AL East,R,R,USA,25,CF,AL,East,51.268002969562
Adael Amador,COL,NL West,S,R,DOM,22,2B,NL,West,163.23236822568677
Adam Mazur,MIA,NL East,R,R,USA,24,SP,NL,East,42.30734966592429
Travis Adams,MIN,AL Central,R,R,USA,25,RP,AL,Central,32.3192279138827
Adam Macko,TOR,AL East,L,L,Slovakia,24,SP,AL,East,77.90794357832223
Ty Adcock,NYM,NL East,R,R,USA,28,RP,NL,East,31.762435040831456
Addison Barger,TOR,AL East,L,R,USA,25,3B,AL,East,55.046770601336334
Jo Adell,LAA,AL West,R,R,USA,26,CF,AL,West,49.942093541202695
Adley Rutschman,BAL,AL East,S,R,USA,27,C,AL,East,65.66740905716416
Adolis García,TEX,AL West,R,R,CUB,32,RF,AL,West,116.65924276169262
Zach Agnos,COL,NL West,R,R,USA,24,RP,NL,West,38.23904974016334
Agustín Ramírez,MIA,NL East,R,R,DOM,23,C,NL,East,91.27691165553081
Julian Aguiar,CIN,NL Central,L,R,USA,24,SP,NL,Central,45.72086117297702
AJ Blubaugh,HOU,AL West,R,R,USA,25,SP,AL,West,35.07795100222718
AJ Smith-Shawver,ATL,NL East,R,R,USA,22,SP,NL,East,61.89012620638454
Keegan Akin,BAL,AL East,L,L,USA,30,RP,AL,East,41.221974758723135
Alan Roden,MIN,AL Central,L,R,USA,25,LF,AL,Central,57.63325909428364
Alan Rangel,PHI,NL East,R,R,MEX,27,RP,NL,East,52.26874536005945
Ozzie Albies,ATL,NL East,S,R,CUW,28,2B,NL,East,116.87899034892355
Albert Suárez,BAL,AL East,R,R,VEN,35,RP,AL,East,88.16481069042312
Jorge Alcala,BOS,AL East,R,R,DOM,30,RP,AL,East,52.04899777282852
Sandy Alcantara,MIA,NL East,R,R,DOM,29,SP,NL,East,50.34595397178918
Kevin Alcántara,CHC,NL Central,R,R,DOM,23,RF,NL,Central,100.07572383073496
Sam Aldegheri,LAA,AL West,L,L,Italy,23,RP,AL,West,80.3311061618412
Alec Bohm,PHI,NL East,R,R,USA,28,3B,NL,East,50.63400148478102
Alejandro Kirk,TOR,AL East,R,R,MEX,26,C,AL,East,79.94951744617669
Alek Thomas,AZ,NL West,L,L,USA,25,CF,NL,West,56.92353377876765
Alec Burleson,STL,NL Central,L,L,USA,26,1B,NL,Central,55.36599851521903
Alex Call,LAD,NL West,R,R,USA,30,RF,NL,West,57.279881217520426
Alex Vesia,LAD,NL West,L,L,USA,29,RP,NL,West,38.34149962880479
Alex Cobb,DET,AL Central,R,R,USA,37,SP,AL,Central,72.5850037119525
Alex Jackson,BAL,AL East,R,R,USA,29,C,AL,East,54.81959910913142
Alexis Díaz,LAD,NL West,R,R,PRI,28,RP,NL,West,53.58871566443951
Alex Lange,DET,AL Central,R,R,USA,29,SP,AL,Central,37.085374907201185
Tyler Alexander,CWS,AL Central,R,L,USA,31,RP,AL,Central,41.8990348923534
Blaze Alexander,AZ,NL West,R,R,USA,26,SS,NL,West,50.443949517446185
Alexander Canario,PIT,NL Central,R,R,DOM,25,LF,NL,Central,72.7260579064588
Alek Manoah,TOR,AL East,R,R,USA,27,SP,AL,East,33.279881217520426
Alex Faedo,TB,AL East,R,R,USA,29,SP,AL,East,37.9510022271715
Alejandro Osuna,TEX,AL West,L,L,MEX,22,LF,AL,West,162.4380103934671
Alec Marsh,KC,AL Central,R,R,USA,27,SP,AL,Central,33.80697847067559
Alek Jacob,SD,NL West,L,R,USA,27,RP,NL,West,34.17074981440242
Jason Alexander,HOU,AL West,R,R,USA,32,SP,AL,West,46.6280623608018
Alex Freeland,LAD,NL West,S,R,USA,23,SS,NL,West,102.78396436525615
Franco Aleman,CLE,AL Central,R,R,CUB,25,SP,AL,Central,59.45360059391242
Alex Carrillo,NYM,NL East,R,R,USA,28,RP,NL,East,31.762435040831456
Ali Sánchez,TOR,AL East,R,R,VEN,28,C,AL,East,75.04083147735713
Nick Allen,ATL,NL East,R,R,USA,26,SS,NL,East,50.09502598366742
Kolby Allard,CLE,AL Central,L,L,USA,27,RP,AL,Central,34.07275426874537
Logan Allen,CLE,AL Central,R,L,USA,26,SP,AL,Central,34.901262063845614
Allan Winans,NYY,AL East,R,R,USA,29,RP,AL,East,35.89903489235337
Pete Alonso,NYM,NL East,R,R,USA,30,1B,NL,East,58.267260579064576
Jose Altuve,HOU,AL West,R,R,VEN,35,LF,AL,West,139.5233853006682
Dan Altavilla,CWS,AL Central,R,R,USA,32,RP,AL,Central,45.23682256867116
Yordan Alvarez,HOU,AL West,L,R,CUB,28,LF,AL,West,91.60801781737197
José Alvarado,PHI,NL East,L,L,VEN,30,RP,NL,East,60.04454342984412
Francisco Alvarez,NYM,NL East,R,R,VEN,23,C,NL,East,102.13956941351154
Nacho Alvarez Jr.,ATL,NL East,R,R,USA,22,SS,NL,East,93.29175946547883
Elvis Alvarado,ATH,AL West,R,R,DOM,26,RP,AL,West,42.662212323682276
Miguel Amaya,CHC,NL Central,R,R,PAN,26,C,NL,Central,81.87379361544174
Amed Rosario,NYY,AL East,R,R,DOM,29,3B,AL,East,73.92130660727547
Andrew Benintendi,CWS,AL Central,L,L,USA,31,LF,AL,Central,71.85003711952496
Andrés Giménez,TOR,AL East,L,R,VEN,26,2B,AL,East,79.67483296213805
Andrew Vaughn,MIL,NL Central,R,R,USA,27,1B,NL,Central,50.565701559020056
Andrew Chafin,LAA,AL West,R,L,USA,35,RP,AL,West,59.98515219005199
Miguel Andujar,CIN,NL Central,R,R,DOM,30,LF,NL,Central,81.13585746102456
Andy Ibáñez,DET,AL Central,R,R,CUB,32,3B,AL,Central,114.5850037119525
Andrew Knizner,SF,NL West,R,R,USA,30,C,NL,West,56.82702301410542
Andrew Kittredge,CHC,NL Central,R,R,USA,35,RP,NL,Central,59.5486265775798
Andy Pages,LAD,NL West,R,R,CUB,24,CF,NL,West,98.77357089829252
Tyler Anderson,LAA,AL West,L,L,USA,35,SP,AL,West,68.49443207126953
Andrew Heaney,PIT,NL Central,L,L,USA,34,SP,NL,Central,62.08611729769858
Andrés Muñoz,SEA,AL West,R,R,MEX,26,RP,AL,West,51.70007423904974
Andruw Monasterio,MIL,NL Central,R,R,VEN,28,SS,NL,Central,75.71789161098738
Nick Anderson,COL,NL West,R,R,USA,35,RP,NL,West,59.84706755753525
Andre Pallante,STL,NL Central,R,R,USA,26,SP,NL,Central,33.63622865627322
Andrew Nardi,MIA,NL East,L,L,USA,26,SP,NL,East,37.27097253155165
Grant Anderson,MIL,NL Central,R,R,USA,28,RP,NL,Central,32.30586488492948
Andrés Chaparro,WSH,NL East,R,R,VEN,26,1B,NL,East,74.36822568671121
Andrew Saalfrank,AZ,NL West,L,L,USA,27,RP,NL,West,34.21232368225688
Andrew Walters,CLE,AL Central,R,R,USA,24,RP,AL,Central,37.79064587973277
Andre Granillo,STL,NL Central,R,R,USA,25,RP,NL,Central,32.097995545657014
Angel Martínez,CLE,AL Central,S,R,DOM,23,CF,AL,Central,136.46473645137348
Angel Zerpa,KC,AL Central,L,L,VEN,25,RP,AL,Central,53.06458797327398
Angel Chivilli,COL,NL West,R,R,DOM,23,RP,NL,West,59.32590942835933
Angel Bastardo,TOR,AL East,R,R,VEN,23,SP,AL,East,72.13066072754275
Jonathan Aranda,TB,AL East,L,R,MEX,27,1B,AL,East,94.98440979955457
Orlando Arcia,COL,NL West,R,R,VEN,30,SS,NL,West,85.9821826280624
Nolan Arenado,STL,NL Central,R,R,USA,34,3B,NL,Central,84.88938381588717
Gabriel Arias,CLE,AL Central,R,R,VEN,25,SS,AL,Central,78.47661469933185
Michael Arias,NYY,AL East,R,R,DOM,23,SP,AL,East,66.2479584261322
Shawn Armstrong,TEX,AL West,R,R,USA,34,RP,AL,West,55.12249443207127
Aroldis Chapman,BOS,AL East,L,L,CUB,37,RP,AL,East,121.9613956941352
Randy Arozarena,SEA,AL West,R,R,CUB,30,LF,AL,West,95.85003711952486
Luis Arraez,SD,NL West,L,R,VEN,28,1B,NL,West,84.5790645879733
Spencer Arrighetti,HOU,AL West,R,R,USA,25,SP,AL,West,35.07795100222718
Graham Ashcraft,CIN,NL Central,L,R,USA,27,RP,NL,Central,34.01336302895325
Braxton Ashcraft,PIT,NL Central,L,R,USA,25,RP,NL,Central,34.969561989606554
Javier Assad,CHC,NL Central,R,R,MEX,28,SP,NL,Central,58.4929472902747
Austin Riley,ATL,NL East,R,R,USA,28,3B,NL,East,50.52709725315518
Austin Slater,NYY,AL East,R,R,USA,32,LF,AL,East,71.37490720118784
Austin Hays,CIN,NL Central,R,R,USA,30,LF,NL,Central,58.99777282850779
Austin Nola,COL,NL West,R,R,USA,35,C,NL,West,93.45953971789164
Austin Wynns,ATH,AL West,R,R,USA,34,C,AL,West,85.08834446919077
Austin Wells,NYY,AL East,L,R,USA,26,C,AL,East,51.71789161098739
Austin Gomber,COL,NL West,L,L,USA,31,SP,NL,West,49.16852264291019
Austin Martin,MIN,AL Central,R,R,USA,26,CF,AL,Central,51.37342242019302
Austin Warren,NYM,NL East,R,R,USA,29,RP,NL,East,34.74536005939125
Austin Cox,ATL,NL East,L,L,USA,28,RP,NL,East,34.45285820341501
Luinder Avila,KC,AL Central,R,R,VEN,23,SP,AL,Central,75.89309576837422
Lake Bachar,MIA,NL East,R,R,USA,30,RP,NL,East,37.24276169265033
Sam Bachman,LAA,AL West,R,R,USA,25,RP,AL,West,32.04305864884928
Kyle Backhus,AZ,NL West,L,L,USA,27,RP,NL,West,34.21232368225688
Harrison Bader,PHI,NL East,R,R,USA,31,LF,NL,East,66.81365998515219
Javier Báez,DET,AL Central,R,R,PRI,32,CF,AL,Central,119.75055679287307
Ji Hwan Bae,PIT,NL Central,L,R,KOR,26,CF,NL,Central,94.39940608760212
Henry Baez,ATH,AL West,R,R,DOM,22,SP,AL,West,83.08389012620643
Patrick Bailey,SF,NL West,S,R,USA,26,C,NL,West,67.56495916852269
Bailey Falter,KC,AL Central,R,L,USA,28,SP,AL,Central,34.45582776540462
Bailey Ober,MIN,AL Central,R,R,USA,30,SP,AL,Central,38.7275426874536
Bailey Horn,DET,AL Central,L,L,USA,27,RP,AL,Central,33.753526354862636
Bryan Baker,TB,AL East,R,R,USA,30,RP,AL,East,37.900519673348185
Luken Baker,STL,NL Central,R,R,USA,28,1B,NL,Central,52.406829992576114
Darren Baker,WSH,NL East,L,R,USA,26,2B,NL,East,53.73273942093546
Drake Baldwin,ATL,NL East,L,R,USA,24,C,NL,East,62.623608017817396
Brooks Baldwin,CWS,AL Central,S,R,USA,24,LF,AL,Central,85.58574610244997
Moisés Ballesteros,CHC,NL Central,L,R,VEN,21,C,NL,Central,160.6651818856719
Anthony Banda,LAD,NL West,L,L,USA,31,RP,NL,West,46.492947290274664
Tanner Banks,PHI,NL East,R,L,USA,33,RP,NL,East,50.89680772086118
Scott Barlow,CIN,NL Central,R,R,USA,32,RP,NL,Central,44.56867112100965
Joey Bart,PIT,NL Central,R,R,USA,28,C,NL,Central,50.07720861172978
Jorge Barrosa,AZ,NL West,S,L,VEN,24,LF,NL,West,123.21603563474399
Chris Bassitt,TOR,AL East,R,R,USA,36,SP,AL,East,66.23311061618412
Brady Basso,ATH,AL West,R,L,USA,27,SP,AL,West,32.57015590200446
Brett Baty,NYM,NL East,L,R,USA,25,3B,NL,East,55.89458054936899
Jake Bauers,MIL,NL Central,L,L,USA,29,LF,NL,Central,60.3994060876021
Félix Bautista,BAL,AL East,R,R,DOM,30,RP,AL,East,52.1796585003712
Eduard Bazardo,SEA,AL West,R,R,VEN,29,RP,AL,West,49.73570898292501
Shane Baz,TB,AL East,R,R,USA,26,SP,AL,East,33.327394209354125
Jordan Beck,COL,NL West,R,R,USA,24,LF,NL,West,62.58945805493692
Tristan Beck,SF,NL West,R,R,USA,29,RP,NL,West,35.23682256867113
David Bednar,NYY,AL East,L,R,USA,30,RP,AL,East,41.241276911655575
Jalen Beeks,AZ,NL West,L,L,USA,32,RP,NL,West,49.89309576837421
Clayton Beeter,WSH,NL East,R,R,USA,26,RP,NL,East,31.080920564216754
Josh Bell,WSH,NL East,S,R,USA,32,1B,NL,East,101.59762435040832
Cody Bellinger,NYY,AL East,L,L,USA,30,LF,AL,East,65.25315515961398
Brayan Bello,BOS,AL East,R,R,DOM,26,SP,AL,East,45.79064587973274
Valente Bellozo,MIA,NL East,R,R,MEX,25,RP,NL,East,53.511507052709746
Will Benson,CIN,NL Central,L,L,USA,27,LF,NL,Central,54.50779510022275
Anthony Bender,MIA,NL East,R,R,USA,30,RP,NL,East,37.24276169265033
Ben Rice,NYY,AL East,L,R,USA,26,1B,AL,East,54.86859688195993
Ben Lively,CLE,AL Central,R,R,USA,33,SP,AL,Central,53.41202672605794
Bennett Sousa,HOU,AL West,L,L,USA,30,RP,AL,West,39.58871566443951
Ben Williamson,SEA,AL West,R,R,USA,24,3B,AL,West,62.49591685226429
Ben Bowden,ATH,AL West,L,L,USA,30,RP,AL,West,39.561989606533075
Ben Joyce,LAA,AL West,R,R,USA,24,RP,AL,West,37.74164810690422
Ben Casparius,LAD,NL West,R,R,USA,26,RP,NL,West,31.325909428359292
Ben Brown,CHC,NL Central,R,R,USA,25,SP,NL,Central,35.20118782479586
Ben Cowles,CHC,NL Central,R,R,USA,25,3B,NL,Central,51.87973273942096
Sam Benschoter,CIN,NL Central,R,R,USA,27,SP,NL,Central,33.0913140311804
Jon Berti,CHC,NL Central,R,R,USA,35,3B,NL,Central,93.52338530066815
José Berríos,TOR,AL East,R,R,PRI,31,SP,AL,East,74.92650334075725
Brennan Bernardino,BOS,AL East,L,L,USA,33,RP,AL,East,54.72902746844845
Steward Berroa,MIL,NL Central,S,R,DOM,26,RF,NL,Central,93.00371195248702
Prelander Berroa,CWS,AL Central,R,R,DOM,25,SP,AL,Central,49.60059391239797
Warming Bernabel,COL,NL West,R,R,DOM,23,SS,NL,West,98.64587973273943
Ryan Bergert,KC,AL Central,R,R,USA,25,SP,AL,Central,36.32962138084634
Mookie Betts,LAD,NL West,R,R,USA,32,SS,NL,West,70.43652561247218
Tanner Bibee,CLE,AL Central,R,R,USA,26,SP,AL,Central,34.876020786933935
Bo Bichette,TOR,AL East,R,R,USA,27,SS,AL,East,49.765404602821086
Osvaldo Bido,ATH,AL West,R,R,DOM,29,SP,AL,West,49.38233110616189
Shane Bieber,TOR,AL East,R,R,USA,30,SP,AL,East,39.216035634743854
Hunter Bigge,TB,AL East,R,R,USA,27,RP,AL,East,31.26800296956197
Billy Cook,PIT,NL Central,R,R,USA,26,CF,NL,Central,49.729769858945836
Jake Bird,NYY,AL East,R,R,USA,29,RP,AL,East,35.89903489235337
Hayden Birdsong,SF,NL West,R,R,USA,23,RP,NL,West,44.42761692650336
Spencer Bivens,SF,NL West,R,R,USA,31,RP,NL,West,42.43652561247216
JJ Bleday,ATH,AL West,L,L,USA,27,CF,AL,West,53.613956941351184
Scott Blewett,BAL,AL East,R,R,USA,29,RP,AL,East,35.82925018559763
Ryan Bliss,SEA,AL West,R,R,USA,25,2B,AL,West,52.44543429844099
Jake Bloss,TOR,AL East,R,R,USA,24,SP,AL,East,41.58871566443949
Bobby Witt Jr.,KC,AL Central,R,R,USA,25,SS,AL,Central,52.537490720118804
Bobby Miller,LAD,NL West,L,R,USA,26,SP,NL,West,37.86785449146255
Xander Bogaerts,SD,NL West,R,R,ABW,32,SS,NL,West,121.95100222717149
Bo Naylor,CLE,AL Central,L,R,CAN,25,C,AL,Central,93.19376391982189
Cam Booser,CWS,AL Central,L,L,USA,33,RP,AL,Central,54.7483296213809
Ryan Borucki,PIT,NL Central,L,L,USA,31,RP,NL,Central,45.05419450631036
Sean Bouchard,COL,NL West,R,R,USA,29,RF,NL,West,54.328136599851526
Caleb Boushley,TEX,AL West,R,R,USA,31,RP,AL,West,41.60504825538236
Bowden Francis,TOR,AL East,R,R,USA,29,SP,AL,East,37.934669636228655
Jonathan Bowlan,KC,AL Central,R,R,USA,28,RP,AL,Central,31.860430586488473
Matthew Boyd,CHC,NL Central,L,L,USA,34,SP,NL,Central,62.181143281366
Joe Boyle,TB,AL East,R,R,USA,25,SP,AL,East,35.063103192279144
Brandon Lowe,TB,AL East,L,R,USA,31,2B,AL,East,72.06829992576102
Brandon Marsh,PHI,NL East,L,R,USA,27,CF,NL,East,54.42613214550856
Ryan Brasier,CHC,NL Central,R,R,USA,37,RP,NL,Central,67.53971789161098
Brayan Rocchio,CLE,AL Central,S,R,VEN,24,SS,AL,Central,126.71269487750567
Brad Keller,CHC,NL Central,R,R,USA,30,RP,NL,Central,36.798812175204176
Huascar Brazobán,NYM,NL East,R,R,DOM,35,RP,NL,East,80.64142538975506
Brady Singer,CIN,NL Central,R,R,USA,28,SP,NL,Central,34.291017074981475
Brandon Woodruff,MIL,NL Central,L,R,USA,32,SP,NL,Central,50.351893095768375
Matt Brash,SEA,AL West,R,R,CAN,27,RP,AL,West,51.778767631774336
Brandon Lockridge,MIL,NL Central,R,R,USA,28,LF,NL,Central,52.08166295471419
Braden Shewmake,NYY,AL East,L,R,USA,27,SS,AL,East,54.0890868596882
Brandon Pfaadt,AZ,NL West,R,R,USA,26,SP,NL,West,34.253897550111354
Taj Bradley,MIN,AL Central,R,R,USA,24,SP,AL,Central,43.24721603563476
Braxton Garrett,MIA,NL East,R,L,USA,27,SP,NL,East,33.254639940608755
Brady House,WSH,NL East,R,R,USA,22,3B,NL,East,91.59613956941352
Brandon Eisert,CWS,AL Central,L,L,USA,27,RP,AL,Central,33.968819599109125
Kyle Bradish,BAL,AL East,R,R,USA,28,SP,AL,East,34.21974758723088
Brant Hurter,DET,AL Central,L,L,USA,26,RP,AL,Central,33.97030438010389
Cody Bradford,TEX,AL West,L,L,USA,27,SP,AL,West,35.67631774313289
Braxton Fulford,COL,NL West,R,R,USA,26,C,NL,West,48.89532293986636
Brad Lord,WSH,NL East,R,R,USA,25,SP,NL,East,35.47884187082407
Brandon Waddell,NYM,NL East,L,L,USA,31,RP,NL,East,46.3904974016333
Brandon Williamson,CIN,NL Central,R,L,USA,27,SP,NL,Central,33.10319227913884
Braydon Fisher,TOR,AL East,R,R,USA,25,RP,AL,East,31.861915367483277
Brandon Walter,HOU,AL West,L,L,USA,28,SP,AL,West,36.92947290274686
Bradley Blalock,COL,NL West,R,R,USA,24,SP,NL,West,43.28582034149962
Brandyn Garcia,AZ,NL West,L,L,USA,25,RP,NL,West,35.33481811432812
Brandon Young,BAL,AL East,R,R,USA,26,SP,AL,East,33.42093541202672
Brendan Rodgers,HOU,AL West,R,R,USA,28,2B,AL,West,50.475129918337046
Brent Rooker,ATH,AL West,R,R,USA,30,RF,AL,West,56.74536005939124
Brendan Donovan,STL,NL Central,L,R,GER,28,2B,NL,Central,97.94803266518194
Brenton Doyle,COL,NL West,R,R,USA,27,CF,NL,West,49.34521158129178
Brent Suter,CIN,NL Central,L,L,USA,35,RP,NL,Central,64.73199703043808
Will Brennan,CLE,AL Central,L,L,USA,27,RF,AL,Central,54.068299925760996
Brett Wisely,SF,NL West,L,R,USA,26,2B,NL,West,54.8567186340015
Brendon Little,TOR,AL East,L,L,USA,28,RP,AL,East,35.51744617668895
Brenan Hanifee,DET,AL Central,R,R,USA,27,RP,AL,Central,30.843355605048245
Brett de Geus,PHI,NL East,R,R,USA,27,RP,NL,East,30.920564216778008
Brewer Hicklen,PHI,NL East,R,R,USA,29,CF,NL,East,55.42538975501115
Brett Harris,ATH,AL West,R,R,USA,27,3B,AL,West,48.89829250185598
Brent Headrick,NYY,AL East,L,L,USA,27,RP,AL,East,34.44394951744617
Brice Turang,MIL,NL Central,L,R,USA,25,2B,NL,Central,56.51224944320718
Beau Brieske,DET,AL Central,R,R,USA,27,RP,AL,Central,30.843355605048245
Jeff Brigham,AZ,NL West,R,R,USA,33,RP,NL,West,50.46028210838902
Jhony Brito,SD,NL West,R,R,DOM,27,SP,NL,West,45.08685968819599
Juan Brito,CLE,AL Central,S,R,DOM,23,SS,AL,Central,136.24350408314783
Brice Matthews,HOU,AL West,R,R,USA,23,SS,AL,West,76.5033407572383
Brian Van Belle,TB,AL East,R,R,USA,28,SP,AL,East,34.19599109131404
Brock Burke,LAA,AL West,L,L,USA,28,RP,AL,West,34.455827765404585
Connor Brogdon,LAA,AL West,R,R,USA,30,RP,AL,West,36.42464736451373
Brooks Lee,MIN,AL Central,S,R,USA,24,3B,AL,Central,84.74832962138093
Brock Stewart,LAD,NL West,L,R,USA,33,RP,NL,West,55.27542687453602
Hunter Brown,HOU,AL West,R,R,USA,26,SP,AL,West,33.416481069042334
Trenton Brooks,SD,NL West,L,L,USA,30,LF,NL,West,63.94506310319229
Brooks Kriske,CHC,NL Central,R,R,USA,31,RP,NL,Central,41.30215293244249
Vidal Bruján,CHC,NL Central,S,R,DOM,27,3B,NL,Central,91.69858945805494
Brusdar Graterol,LAD,NL West,R,R,VEN,26,SP,NL,West,50.71269487750561
Justin Bruihl,TOR,AL East,L,L,USA,28,RP,AL,East,35.51744617668895
JT Brubaker,NYY,AL East,R,R,USA,31,RP,AL,East,42.844840386043074
Kris Bryant,COL,NL West,R,R,USA,33,DH,NL,West,86.31477357089828
Bryan Reynolds,PIT,NL Central,S,R,USA,30,RF,NL,Central,79.63919821826285
Bryson Stott,PHI,NL East,L,R,USA,27,2B,NL,East,52.96213808463253
Bryan De La Cruz,NYY,AL East,R,R,DOM,28,LF,AL,East,70.60727542687458
Bryce Johnson,SD,NL West,S,R,USA,29,CF,NL,West,77.20415738678548
Bryan Hoeing,SD,NL West,R,R,USA,28,RP,NL,West,32.32368225686713
Bryan King,HOU,AL West,R,L,USA,28,RP,AL,West,31.738678544914585
Bryce Elder,ATL,NL East,R,R,USA,26,SP,NL,East,33.89012620638458
Bryce Jarvis,AZ,NL West,L,R,USA,27,RP,NL,West,34.2108389012621
Bryan Hudson,MIL,NL Central,L,L,USA,28,RP,NL,Central,35.3214550853749
Bryce Miller,SEA,AL West,R,R,USA,26,SP,AL,West,33.43875278396437
Bryan Woo,SEA,AL West,R,R,USA,25,SP,AL,West,35.172976985894586
Bryan Ramos,CWS,AL Central,R,R,CUB,23,3B,AL,Central,116.09799554565704
Zach Brzykcy,WSH,NL East,R,R,USA,26,RP,NL,East,31.080920564216754
Kris Bubic,KC,AL Central,L,L,USA,27,SP,AL,Central,37.39569413511513
Walker Buehler,BOS,AL East,R,R,USA,31,SP,AL,East,44.28953229398663
Corbin Burnes,AZ,NL West,R,R,USA,30,SP,NL,West,38.76614699331848
Ryan Burr,TOR,AL East,R,R,USA,31,RP,AL,East,42.760207869339276
Nick Burdi,BOS,AL East,R,R,USA,32,RP,AL,East,45.25909428359318
Sean Burke,CWS,AL Central,R,R,USA,25,SP,AL,Central,36.50779510022272
Mike Burrows,PIT,NL Central,R,R,USA,25,SP,NL,Central,35.278396436525604
Juan Burgos,AZ,NL West,R,R,DOM,25,RP,NL,West,43.711952487008176
Chase Burns,CIN,NL Central,R,R,Italy,22,SP,NL,Central,103.73273942093547
Michael Busch,CHC,NL Central,L,R,USA,27,1B,NL,Central,55.088344469190794
Ky Bush,CWS,AL Central,L,L,USA,25,SP,AL,Central,40.45137342242027
Lawrence Butler,ATH,AL West,L,R,USA,25,RF,AL,West,55.90645879732739
José Buttó,SF,NL West,R,R,VEN,27,RP,NL,West,46.35634743875278
Byron Buxton,MIN,AL Central,R,R,USA,31,CF,AL,Central,65.69561989606537
Oswaldo Cabrera,NYY,AL East,S,R,VEN,26,3B,AL,East,95.60059391239794
José Caballero,NYY,AL East,R,R,PAN,28,SS,AL,East,88.10987379361546
Génesis Cabrera,PIT,NL Central,L,L,DOM,28,RP,NL,Central,48.52264291017077
Edward Cabrera,MIA,NL East,R,R,DOM,27,SP,NL,East,45.242761692650355
Jean Cabrera,PHI,NL East,R,R,VEN,23,SP,NL,East,73.06458797327392
Cade Smith,CLE,AL Central,R,R,CAN,26,RP,AL,Central,52.63548626577582
Cade Povich,BAL,AL East,L,L,USA,25,SP,AL,East,38.92947290274688
Cade Gibson,MIA,NL East,L,L,USA,27,RP,NL,East,33.70452858203412
Cade Horton,CHC,NL Central,R,R,USA,23,SP,NL,Central,50.23904974016334
Caden Dana,LAA,AL West,L,R,USA,21,RP,AL,West,68.10690423162589
Cade Cavalli,WSH,NL East,R,R,USA,26,SP,NL,East,34.0846325167038
Jac Caglianone,KC,AL Central,L,L,USA,22,RF,AL,Central,98.6711210096512
Owen Caissie,CHC,NL Central,L,R,CAN,23,RF,NL,Central,131.76095025983673
Caleb Thielbar,CHC,NL Central,R,L,USA,38,RP,NL,Central,71.29918337045288
Caleb Ferguson,SEA,AL West,R,L,USA,29,RP,AL,West,34.242019302152954
Cal Quantrill,MIA,NL East,L,R,CAN,30,SP,NL,East,73.351150705271
Calvin Faucher,MIA,NL East,R,R,USA,29,RP,NL,East,34.79138827023016
Caleb Durbin,MIL,NL Central,R,R,USA,25,3B,NL,Central,51.9524870081663
Cal Stevenson,PHI,NL East,L,L,USA,28,CF,NL,East,55.734224201930274
Tyler Callihan,CIN,NL Central,L,R,USA,25,LF,NL,Central,57.276911655530846
Luis Campusano,SD,NL West,R,R,USA,26,C,NL,West,49.00965107646623
Junior Caminero,TB,AL East,R,R,DOM,22,3B,AL,East,117.43132887899039
Cam Smith,HOU,AL West,R,R,USA,22,RF,AL,West,92.45137342242022
Kristian Campbell,BOS,AL East,R,R,USA,23,2B,AL,East,73.08240534521161
Isaiah Campbell,BOS,AL East,R,R,PRT,27,RP,AL,East,53.913882702301436
Gustavo Campero,LAA,AL West,S,R,COL,27,RF,AL,West,113.53823311061619
Cam Devanney,PIT,NL Central,R,R,USA,28,SS,NL,Central,51.740163325909435
Noah Cameron,KC,AL Central,L,L,USA,26,SP,AL,Central,38.530066815144856
Cam Schlittler,NYY,AL East,R,R,USA,24,SP,AL,East,41.496659242761666
Mark Canha,KC,AL Central,R,R,USA,36,LF,AL,Central,99.61098737936152
Dominic Canzone,SEA,AL West,L,R,USA,27,RF,AL,West,53.35560504825541
Yennier Cano,BAL,AL East,R,R,CUB,31,RP,AL,East,70.51967334818121
Griffin Canning,NYM,NL East,R,R,USA,29,SP,NL,East,36.74536005939124
Joey Cantillo,CLE,AL Central,L,L,USA,25,SP,AL,Central,40.478099480326726
Jonathan Cannon,CWS,AL Central,R,R,USA,25,SP,AL,Central,36.50779510022272
Carlos Correa,HOU,AL West,R,R,PRI,30,SS,AL,West,95.96881959910915
Victor Caratini,HOU,AL West,S,R,PRI,31,C,AL,West,147.47884187082423
Carson Kelly,CHC,NL Central,R,R,USA,31,C,NL,Central,62.647364513734246
Dylan Carlson,BAL,AL East,S,L,USA,26,LF,AL,East,68.5538233110617
Carlos Estévez,KC,AL Central,R,R,DOM,32,RP,AL,Central,60.80772086117301
Corbin Carroll,AZ,NL West,L,L,USA,24,RF,NL,West,67.1997030438011
Carlos Carrasco,ATL,NL East,R,R,VEN,38,SP,NL,East,113.04825538233112
Kerry Carpenter,DET,AL Central,L,R,USA,27,RF,AL,Central,53.57832219747592
Carlos Rodón,NYY,AL East,L,L,USA,32,SP,AL,East,51.31848552338532
Carlos Hernández,CLE,AL Central,R,R,VEN,28,RP,AL,Central,47.63177431328881
Evan Carter,TEX,AL West,L,R,USA,22,CF,AL,West,100.18114328136603
Carson Fulmer,LAA,AL West,R,R,USA,31,RP,AL,West,41.646622123236845
Carlos Narváez,BOS,AL East,R,R,VEN,26,C,AL,East,70.9784706755754
Carmen Mlodzinski,PIT,NL Central,R,R,USA,26,RP,NL,Central,30.764662212323653
Carlos Vargas,SEA,AL West,R,R,DOM,25,RP,AL,West,44.341499628804776
Carlos Cortes,ATH,AL West,L,S,USA,28,LF,AL,West,66.09354120267261
Carson Spiers,CIN,NL Central,R,R,USA,27,SP,NL,Central,33.0913140311804
Carlos Rodríguez,ATL,NL East,L,L,VEN,24,RF,NL,East,94.62360801781747
Carson McCusker,MIN,AL Central,R,R,USA,27,RF,AL,Central,49.22939866369713
Carson Palmquist,COL,NL West,L,L,USA,24,SP,NL,West,47.64365256124724
Carson Seymour,SF,NL West,R,R,USA,26,RP,NL,West,31.314031180400878
Carlos Rodriguez,MIL,NL Central,R,R,NIC,23,RP,NL,Central,74.66666666666664
Dylan Cease,SD,NL West,R,R,USA,29,SP,NL,West,37.60653303637715
Slade Cecconi,CLE,AL Central,R,R,USA,26,SP,AL,Central,34.876020786933935
Cedric Mullins,NYM,NL East,L,L,USA,30,CF,NL,East,63.63622865627323
Ceddanne Rafaela,BOS,AL East,R,R,CUW,24,CF,AL,East,101.33927245731259
Eric Cerantola,KC,AL Central,R,R,CAN,25,SP,AL,Central,61.801039346696385
César Salazar,HOU,AL West,L,R,MEX,29,C,AL,West,95.40311804008917
Chas McCormick,HOU,AL West,R,L,USA,30,LF,AL,West,58.59985152190054
Charlie Morton,DET,AL Central,R,R,USA,41,SP,AL,Central,80.61766889383816
Chad Green,TOR,AL East,L,R,USA,34,RP,AL,East,59.80400890868598
Chase Meidroth,CWS,AL Central,R,R,USA,24,SS,AL,Central,62.72011878247958
Chandler Simpson,TB,AL East,L,R,USA,24,CF,AL,East,65.82479584261326
Chase Shugart,PIT,NL Central,L,R,USA,28,RP,NL,Central,35.318485523385306
Chase Lee,DET,AL Central,R,R,USA,26,RP,AL,Central,31.005196733481792
Chase Silseth,LAA,AL West,R,R,USA,25,SP,AL,West,34.96065330363771
Chad Patrick,MIL,NL Central,R,R,USA,26,SP,NL,Central,33.60207869339273
Chad Stevens,LAA,AL West,R,R,USA,26,SS,AL,West,49.848552338530084
Chase Dollander,COL,NL West,R,R,USA,23,SP,NL,West,51.15219005196737
Chase Petty,CIN,NL Central,R,R,USA,22,SP,NL,Central,61.5011135857461
Chayce McDermott,BAL,AL East,L,R,USA,26,SP,AL,East,36.98440979955462
Tsung-Che Cheng,PIT,NL Central,L,R,TWN,24,SS,NL,Central,114.43652561247217
Jazz Chisholm Jr.,NYY,AL East,L,R,BHS,27,2B,AL,East,93.77876763177434
Jackson Chourio,MIL,NL Central,R,R,VEN,21,CF,NL,Central,153.01559020044542
Chris Taylor,LAA,AL West,R,R,USA,34,CF,AL,West,86.99331848552343
Christian Vázquez,MIN,AL Central,R,R,PRI,34,C,AL,Central,143.7668893838159
Christian Walker,HOU,AL West,R,R,USA,34,1B,AL,West,88.29398663697103
Christopher Morel,TB,AL East,R,R,DOM,26,LF,AL,East,68.32516703786197
Chris Martin,TEX,AL West,R,R,USA,39,RP,AL,West,71.73273942093542
Chris Sale,ATL,NL East,L,L,USA,36,SP,NL,East,73.0200445434299
Chris Devenski,NYM,NL East,R,R,USA,34,RP,NL,East,55.046770601336334
Chris Flexen,CHC,NL Central,R,R,USA,31,RP,NL,Central,41.30215293244249
Christian Encarnacion-Strand,CIN,NL Central,R,R,USA,25,1B,NL,Central,53.02301410541947
Chris Paddack,DET,AL Central,R,R,USA,29,SP,AL,Central,37.085374907201185
Christian Koss,SF,NL West,R,R,USA,27,2B,NL,West,49.28285077951004
Chris Roycroft,STL,NL Central,R,R,USA,28,RP,NL,Central,32.259836674090586
Christian Moore,LAA,AL West,R,R,USA,22,2B,AL,West,93.68522642910172
Chris Murphy,BOS,AL East,L,L,USA,27,RP,AL,East,34.32071269487752
Christian Montes De Oca,AZ,NL West,R,R,DOM,25,RP,NL,West,43.711952487008176
Christian Scott,NYM,NL East,R,R,USA,26,SP,NL,East,33.77282850779511
Marc Church,TEX,AL West,R,R,USA,24,RP,AL,West,37.65998515219006
Clayton Kershaw,LAD,NL West,L,L,USA,37,SP,NL,West,81.19970304380111
Emmanuel Clase,CLE,AL Central,R,R,DOM,27,RP,AL,Central,42.26280623608018
Clay Holmes,NYM,NL East,R,R,USA,32,SP,NL,East,47.29027468448404
Taylor Clarke,KC,AL Central,R,R,USA,32,RP,AL,Central,45.08685968819601
Clarke Schmidt,NYY,AL East,R,R,USA,29,SP,AL,East,38.00742390497401
Jonatan Clase,TOR,AL East,S,R,DOM,23,LF,AL,East,130.14699331848558
Denzel Clarke,ATH,AL West,R,R,CAN,25,CF,AL,West,86.66666666666671
Ernie Clement,TOR,AL East,R,R,USA,29,3B,AL,East,54.935412026726056
Kody Clemens,MIN,AL Central,L,R,USA,29,2B,AL,Central,58.33407572383077
Garrett Cleavinger,TB,AL East,R,L,USA,31,RP,AL,East,42.77357089829251
Coby Mayo,BAL,AL East,R,R,USA,23,1B,AL,East,73.26206384558279
Codi Heuer,DET,AL Central,R,R,USA,29,RP,AL,Central,34.67557535263549
Cody Poteet,BAL,AL East,R,R,USA,31,RP,AL,East,42.737936154417234
Cody Freeman,TEX,AL West,R,R,USA,24,3B,AL,West,62.30141054194507
Colt Keith,DET,AL Central,L,R,USA,23,2B,AL,Central,80.41128433556052
Colton Cowser,BAL,AL East,L,R,USA,25,LF,AL,East,56.35634743875281
Cole Sulser,TB,AL East,R,R,USA,35,RP,AL,East,59.23533778767633
Colin Holderman,PIT,NL Central,R,R,USA,29,RP,NL,Central,34.95025983667409
Collin Snider,SEA,AL West,R,R,USA,29,RP,AL,West,34.23311061618411
Cole Sands,MIN,AL Central,R,R,USA,28,RP,AL,Central,31.93466963622864
Colin Rea,CHC,NL Central,R,R,USA,35,SP,NL,Central,62.28359317000745
Isaac Collins,MIL,NL Central,S,R,USA,28,LF,NL,Central,71.45508537490728
Cole Ragans,KC,AL Central,L,L,USA,27,SP,AL,Central,37.39569413511513
Cole Young,SEA,AL West,L,R,USA,22,2B,AL,West,100.09799554565697
Cole Henry,WSH,NL East,R,R,USA,26,RP,NL,East,31.080920564216754
Colin Selby,BAL,AL East,R,R,USA,27,RP,AL,East,31.27542687453599
Colson Montgomery,CWS,AL Central,L,R,USA,23,SS,AL,Central,81.48329621380852
Cole Winn,TEX,AL West,R,R,USA,25,RP,AL,West,31.942093541202656
Colby Thomas,ATH,AL West,R,R,USA,24,RF,AL,West,61.57089829250188
Colton Gordon,HOU,AL West,L,L,USA,26,SP,AL,West,36.51224944320716
Willson Contreras,STL,NL Central,R,R,VEN,33,1B,NL,Central,115.90942835931699
William Contreras,MIL,NL Central,R,R,VEN,27,C,NL,Central,71.44469190794362
Connor Joe,CIN,NL Central,R,R,USA,32,RF,NL,Central,69.82628062360803
Connor Wong,BOS,AL East,R,R,USA,29,C,AL,East,54.660727542687475
Connor Norby,MIA,NL East,R,R,USA,25,3B,NL,East,51.683741648106896
Griffin Conine,MIA,NL East,L,R,USA,28,LF,NL,East,55.414996288047526
Connor Seabold,TB,AL East,R,R,USA,29,RP,AL,East,35.83370452858203
Connor Kaiser,AZ,NL West,R,R,USA,28,SS,NL,West,50.94283593170009
Luis Contreras,HOU,AL West,R,R,VEN,29,RP,AL,West,49.664439495174484
Connor Thomas,MIL,NL Central,L,L,USA,27,RP,NL,Central,34.08314773570897
Connor Phillips,CIN,NL Central,R,R,USA,24,RP,NL,Central,37.322939866369715
Cooper Hummel,HOU,AL West,S,R,USA,30,LF,AL,West,82.53897550111363
Cooper Criswell,BOS,AL East,R,R,USA,29,RP,AL,East,35.75798069784706
Corey Seager,TEX,AL West,L,R,USA,31,SS,AL,West,70.42167780252414
Patrick Corbin,TEX,AL West,L,L,USA,36,SP,AL,West,72.46028210838901
Corey Julks,CWS,AL Central,R,R,USA,29,LF,AL,Central,54.432071269487764
Nestor Cortes,SD,NL West,R,L,CUB,30,SP,NL,West,64.01039346696366
Corbin Martin,BAL,AL East,R,R,USA,29,RP,AL,East,35.82925018559763
Kenedy Corona,HOU,AL West,R,R,VEN,25,CF,AL,West,75.23979213066075
Jose Corniell,TEX,AL West,R,R,DOM,22,SP,AL,West,83.07052709725316
Tom Cosgrove,CHC,NL Central,L,L,USA,29,RP,NL,Central,37.985152190052034
Danny Coulombe,TEX,AL West,L,L,USA,35,RP,AL,West,65.02004454342988
Jake Cousins,NYY,AL East,R,R,USA,31,SP,AL,East,44.47958426132148
J.P. Crawford,SEA,AL West,L,R,USA,30,SS,AL,West,61.989606533036394
Kutter Crawford,BOS,AL East,R,R,USA,29,SP,AL,East,37.90051967334818
Craig Yoho,MIL,NL Central,R,R,USA,25,RP,NL,Central,32.08314773570898
Dylan Crews,WSH,NL East,R,R,USA,23,RF,NL,East,72.64884929472906
Cristian Javier,HOU,AL West,R,R,DOM,28,SP,AL,West,45.91239792130664
Cristopher Sánchez,PHI,NL East,L,L,DOM,28,SP,NL,East,50.36971046770607
Blaine Crim,TEX,AL West,R,R,USA,28,1B,AL,West,51.17297698589459
Jeff Criswell,COL,NL West,R,R,USA,26,SP,NL,West,34.25686711210098
Cristian Mena,AZ,NL West,R,R,DOM,22,RP,NL,West,73.60207869339271
Jake Cronenworth,SD,NL West,L,R,USA,31,2B,NL,West,72.16481069042317
Pete Crow-Armstrong,CHC,NL Central,L,L,USA,23,CF,NL,Central,80.4409799554566
Garrett Crochet,BOS,AL East,L,L,USA,26,SP,AL,East,36.81811432813662
Declan Cronin,MIA,NL East,R,R,USA,27,SP,NL,East,33.23830734966591
Oneil Cruz,PIT,NL Central,L,R,DOM,26,CF,NL,Central,74.32368225686712
Fernando Cruz,NYY,AL East,R,R,PRI,35,RP,AL,East,99.34818114328135
Steven Cruz,KC,AL Central,R,R,DOM,26,RP,AL,Central,42.21974758723089
Omar Cruz,SD,NL West,L,L,MEX,26,RP,NL,West,58.152932442464795
John Curtiss,AZ,NL West,R,R,USA,32,RP,NL,West,45.75352635486268
Curtis Mead,CWS,AL Central,R,R,AUS,24,1B,AL,Central,103.5515961395694
Luis Curvelo,TEX,AL West,R,R,VEN,24,RP,AL,West,53.65850037119527
Yoniel Curet,TB,AL East,R,R,DOM,22,SP,AL,East,82.04305864884932
Dairon Blanco,KC,AL Central,R,R,CUB,32,CF,AL,Central,118.32219747587233
Dalton Rushing,LAD,NL West,L,R,USA,24,C,NL,West,64.22865627319977
Danny Jansen,MIL,NL Central,R,R,USA,30,C,NL,Central,56.775055679287334
Daniel Schneemann,CLE,AL Central,L,R,USA,28,2B,AL,Central,54.59985152190055
Dane Myers,MIA,NL East,R,R,USA,29,CF,NL,East,55.38381588715666
Dane Dunning,ATL,NL East,R,R,USA,30,RP,NL,East,37.19227913882703
Daniel Lynch IV,KC,AL Central,L,L,USA,28,RP,AL,Central,34.52264291017073
Daniel Johnson,SF,NL West,L,L,USA,30,CF,NL,West,63.02004454342986
Daniel Palencia,CHC,NL Central,R,R,VEN,25,RP,NL,Central,46.77060133630293
Danny Young,NYM,NL East,L,L,USA,31,RP,NL,East,46.3904974016333
Daniel Robert,PHI,NL East,L,R,USA,30,RP,NL,East,40.33259094283594
Davis Daniel,ATL,NL East,R,R,USA,28,SP,NL,East,34.07275426874538
Daniel Espino,CLE,AL Central,R,R,PAN,24,SP,AL,Central,71.9450631031923
Yu Darvish,SD,NL West,R,R,JPN,38,SP,NL,West,132.2152932442465
Darell Hernaiz,ATH,AL West,R,R,PRI,23,3B,AL,West,118.98737936154416
Michael Darrell-Hicks,PIT,NL Central,R,R,USA,27,RP,NL,Central,31.08092056421676
Dugan Darnell,COL,NL West,L,R,USA,28,SP,NL,West,37.5278396436526
DaShawn Keirsey Jr.,MIN,AL Central,L,L,USA,28,CF,AL,Central,55.79064587973279
Daulton Varsho,TOR,AL East,L,R,USA,29,CF,AL,East,62.07869339272462
Dauri Moreta,PIT,NL Central,R,R,DOM,29,SP,NL,Central,50.690423162583556
David Fry,CLE,AL Central,R,R,USA,29,1B,AL,Central,54.41722345953973
Davis Schneider,TOR,AL East,R,R,USA,26,LF,AL,East,49.96139569413513
David Hamilton,BOS,AL East,L,R,USA,27,2B,AL,East,53.95100222717151
Henry Davis,PIT,NL Central,R,R,USA,25,C,NL,Central,50.17817371937641
David Peterson,NYM,NL East,L,L,USA,29,SP,NL,East,40.28507795100224
Logan Davidson,HOU,AL West,S,R,USA,27,1B,AL,West,69.2100965107647
Davis Martin,CWS,AL Central,L,R,USA,28,SP,AL,Central,37.808463251670396
Noah Davis,MIN,AL Central,R,R,USA,28,RP,AL,Central,31.93466963622864
David Festa,MIN,AL Central,R,R,USA,25,SP,AL,Central,36.452858203415005
David Morgan,SD,NL West,R,R,USA,25,RP,NL,West,32.35040831477358
Dax Fulton,MIA,NL East,L,L,USA,23,SP,NL,East,54.48552338530068
Daysbel Hernández,ATL,NL East,R,R,CUB,28,RP,NL,East,52.00742390497403
Daylen Lile,WSH,NL East,L,R,USA,22,RF,NL,East,97.95545657015597
Dean Kremer,BAL,AL East,R,R,USA,29,SP,AL,East,37.998515219005206
Dedniel Núñez,NYM,NL East,R,R,DOM,29,RP,NL,East,48.613214550853755
Jacob deGrom,TEX,AL West,L,R,USA,37,SP,AL,West,78.75426874536006
Paul DeJong,WSH,NL East,R,R,USA,31,3B,NL,East,65.65850037119526
Dennis Santana,PIT,NL Central,R,R,DOM,29,RP,NL,Central,48.761692650334105
Derek Law,WSH,NL East,R,R,USA,34,SP,NL,East,58.25686711210097
Derek Hill,MIA,NL East,R,R,USA,29,CF,NL,East,55.38381588715666
Anthony DeSclafani,AZ,NL West,R,R,USA,35,RP,NL,West,59.97327394209354
Reid Detmers,LAA,AL West,L,L,USA,26,RP,AL,West,33.28582034149958
Rafael Devers,SF,NL West,L,R,DOM,28,DH,NL,West,80.82256867112102
Devin Williams,NYY,AL East,R,R,USA,30,RP,AL,East,37.94060876020789
Devin Sweet,PHI,NL East,S,R,USA,28,SP,NL,East,48.193021529324476
Deyvison De Los Santos,MIA,NL East,R,R,DOM,22,3B,NL,East,120.93689680772088
Zach Dezenzo,HOU,AL West,R,R,USA,25,LF,AL,West,52.64291017074982
Yandy Díaz,TB,AL East,R,R,CUB,33,1B,AL,East,131.11061618411284
Elias Díaz,SD,NL West,R,R,VEN,34,C,NL,West,130.7349665924276
Edwin Díaz,NYM,NL East,R,R,PRI,31,RP,NL,East,71.55308092056426
Yainer Diaz,HOU,AL West,R,R,DOM,26,C,AL,West,64.48403860430587
Jhonathan Díaz,SEA,AL West,L,L,VEN,28,RP,AL,West,50.374164810690445
Yilber Díaz,AZ,NL West,R,R,VEN,24,RP,NL,West,55.91239792130663
Didier Fuentes,ATL,NL East,R,R,COL,20,SP,NL,East,132.0712694877506
Dietrich Enns,BAL,AL East,L,L,USA,34,RP,AL,East,59.69265033407576
Dillon Dingler,DET,AL Central,R,R,USA,26,C,AL,Central,48.63103192279141
DJ Herz,WSH,NL East,R,L,USA,24,SP,NL,East,42.52412769116558
DL Hall,MIL,NL Central,L,L,USA,26,RP,NL,Central,33.6466221232368
Hunter Dobbins,BOS,AL East,R,R,USA,25,SP,AL,East,35.00668151447662
Dylan Dodd,ATL,NL East,L,L,USA,27,RP,NL,East,33.55159613956938
Dominic Smith,SF,NL West,L,L,USA,30,1B,NL,West,62.856718634001496
Seranthony Domínguez,TOR,AL East,R,R,DOM,30,RP,AL,East,52.14550853749073
Dom Nuñez,CLE,AL Central,L,R,USA,30,C,AL,Central,60.05790645879735
Jasson Domínguez,NYY,AL East,S,R,DOM,22,LF,AL,East,164.17371937639209
Domingo Gonzalez,ATL,NL East,R,R,DOM,25,SP,NL,East,48.05196733481813
Donovan Solano,SEA,AL West,R,R,COL,37,1B,AL,West,187.04528582034152
Doug Nikhazy,CLE,AL Central,L,L,USA,25,SP,AL,Central,40.478099480326726
Camilo Doval,NYY,AL East,R,R,DOM,28,RP,AL,East,44.85523385300668
Drew Pomeranz,CHC,NL Central,R,L,USA,36,RP,NL,Central,62.62063845582775
Drew Waters,KC,AL Central,S,R,USA,26,LF,AL,Central,69.79510022271718
Drew Smith,NYM,NL East,R,R,USA,31,SP,NL,East,44.13066072754269
Drew Rasmussen,TB,AL East,R,R,USA,30,SP,AL,East,39.24721603563474
Drew Millas,WSH,NL East,S,R,USA,27,C,NL,East,65.36748329621386
Drew Romo,COL,NL West,S,R,USA,23,C,NL,West,97.77579806978467
Jack Dreyer,LAD,NL West,R,L,USA,26,RP,NL,West,31.34075723830731
Drey Jameson,AZ,NL West,R,R,USA,27,RP,NL,West,31.288789903489214
Drew Thorpe,CWS,AL Central,L,R,USA,24,SP,AL,Central,47.942093541202716
Logan Driscoll,TB,AL East,L,R,USA,27,C,AL,East,52.10838901262065
Mauricio Dubón,HOU,AL West,R,R,HND,31,2B,AL,West,111.64068299925762
Shawn Dubin,HOU,AL West,R,R,USA,29,RP,AL,West,34.173719376391986
Oliver Dunn,MIL,NL Central,L,R,USA,27,3B,NL,Central,53.560504825538274
Blake Dunn,CIN,NL Central,R,R,USA,26,RF,NL,Central,49.34966592427617
Jarren Duran,BOS,AL East,L,R,USA,28,LF,AL,East,56.123236822568714
Ezequiel Duran,TEX,AL West,R,R,DOM,26,SS,AL,West,67.57535263548631
Jhoan Duran,PHI,NL East,R,R,DOM,27,RP,NL,East,42.71566443949521
Dustin May,BOS,AL East,R,R,USA,27,SP,AL,East,33.28730512249444
Dustin Harris,TEX,AL West,L,R,USA,26,LF,AL,West,54.446919079435816
Dylan Moore,SEA,AL West,R,R,USA,32,2B,AL,West,70.23756495916854
Dylan Lee,ATL,NL East,L,L,USA,31,RP,NL,East,46.11284335560508
Dylan Smith,DET,AL Central,R,R,USA,25,RP,AL,Central,32.16778025241277
Easton Lucas,TOR,AL East,L,L,USA,28,SP,AL,East,37.75649591685235
Easton McGee,MIL,NL Central,R,R,USA,27,RP,NL,Central,31.12100965107645
Nate Eaton,BOS,AL East,R,R,USA,28,3B,AL,East,50.1365998515219
Jake Eder,WSH,NL East,L,L,USA,26,RP,NL,East,33.84706755753521
Edgar Quero,CWS,AL Central,S,R,CUB,22,C,AL,Central,186.99480326651826
Edgardo Henriquez,LAD,NL West,R,R,VEN,23,RP,NL,West,65.37490720118785
Edouard Julien,MIN,AL Central,L,R,CAN,26,2B,AL,Central,93.15070527097255
Eduardo Rodriguez,AZ,NL West,L,L,VEN,32,SP,NL,West,77.35263548626583
Eduardo Salazar,WSH,NL East,R,R,VEN,27,RP,NL,East,45.42242019302153
Eduarniel Núñez,ATH,AL West,R,R,DOM,26,RP,AL,West,42.662212323682276
Xavier Edwards,MIA,NL East,S,R,USA,25,SS,NL,East,72.92798812175208
Edwin Uceta,TB,AL East,R,R,DOM,27,RP,AL,East,42.93838158871571
Zach Eflin,BAL,AL East,R,R,USA,31,SP,AL,East,44.429101707498155
Joe Elbis,AZ,NL West,R,R,VEN,22,SP,NL,West,92.10096510764664
Eli White,ATL,NL East,R,R,USA,31,RF,NL,East,65.30363771343728
Eli Morgan,CHC,NL Central,R,R,USA,29,RP,NL,Central,34.88344469190797
Tim Elko,CWS,AL Central,R,R,USA,26,1B,AL,Central,50.74684484038604
Elly De La Cruz,CIN,NL Central,S,R,DOM,23,SS,NL,Central,141.55308092056435
Fraser Ellard,CWS,AL Central,L,L,USA,27,RP,AL,Central,33.968819599109125
Elvis Peguero,MIL,NL Central,R,R,DOM,28,RP,NL,Central,44.693392724573144
Elvin Rodríguez,BAL,AL East,R,R,DOM,27,RP,AL,East,42.95174461766893
Emerson Hancock,SEA,AL West,R,R,USA,26,SP,AL,West,33.43875278396437
Emilio Pagán,CIN,NL Central,L,R,USA,34,RP,NL,Central,58.99628804751301
Emiliano Teodo,TEX,AL West,R,R,DOM,24,SP,AL,West,56.426132145508575
Emmet Sheehan,LAD,NL West,R,R,USA,25,SP,NL,West,36.262806236080195
Emmanuel Rodriguez,MIN,AL Central,L,L,DOM,22,CF,AL,Central,133.98069784706774
Jerar Encarnacion,SF,NL West,R,R,DOM,27,RF,NL,West,65.92724573125466
Endy Rodríguez,PIT,NL Central,S,R,DOM,25,1B,NL,Central,99.67780252412776
Mason Englert,TB,AL East,S,R,USA,25,RP,AL,East,44.31625835189309
Tristin English,AZ,NL West,R,R,USA,28,OF,NL,West,55.6778025241277
Enmanuel Valdez,PIT,NL Central,L,R,DOM,26,1B,NL,Central,75.58277654046032
Enrique Hernández,LAD,NL West,R,R,PRI,33,1B,NL,West,133.91536748329625
Nic Enright,CLE,AL Central,R,R,USA,28,RP,AL,Central,32.0059391239792
Enyel De Los Santos,ATL,NL East,R,R,DOM,29,RP,NL,East,48.50037119524871
Nathan Eovaldi,TEX,AL West,R,R,USA,35,SP,AL,West,62.90868596881961
Erasmo Ramírez,MIN,AL Central,R,R,NIC,35,SP,AL,Central,112.06384558277651
Lucas Erceg,KC,AL Central,L,R,USA,30,RP,AL,Central,39.57683741648109
Erick Fedde,ATL,NL East,R,R,USA,32,SP,NL,East,47.32887899034893
Eric Lauer,TOR,AL East,R,L,USA,30,SP,AL,East,39.22642910170749
Eric Wagaman,MIA,NL East,R,R,USA,27,1B,NL,East,49.60653303637714
Erik Miller,SF,NL West,L,L,USA,27,RP,NL,West,34.20489977728287
Eric Orze,TB,AL East,R,R,USA,27,RP,AL,East,31.26800296956197
Erik Sabrowski,CLE,AL Central,R,L,CAN,27,RP,AL,Central,52.972531551596155
J.C. Escarra,NYY,AL East,L,R,USA,30,C,AL,East,62.22568671121015
Santiago Espinal,CIN,NL Central,R,R,DOM,30,3B,NL,Central,77.98218262806243
Thairo Estrada,COL,NL West,R,R,VEN,29,2B,NL,West,81.74907201187828
Esteury Ruiz,LAD,NL West,R,R,DOM,26,LF,NL,West,68.41425389755013
Jeremiah Estrada,SD,NL West,S,R,USA,26,RP,NL,West,44.0415738678545
Joey Estes,ATH,AL West,R,R,USA,23,SP,AL,West,50.48700816629546
Lazaro Estrada,TOR,AL East,R,R,CUB,26,RP,AL,East,50.247958426132165
Ethan Roberts,CHC,NL Central,R,R,USA,28,RP,NL,Central,32.20341499628805
Eugenio Suárez,SEA,AL West,R,R,VEN,34,3B,AL,West,126.21974758723096
Eury Pérez,MIA,NL East,R,R,DOM,22,SP,NL,East,83.07052709725315
Evan Phillips,LAD,NL West,R,R,USA,30,RP,NL,West,37.25018559762436
Evan Sisk,PIT,NL Central,L,L,USA,28,RP,NL,Central,35.30957683741646
Logan Evans,SEA,AL West,R,R,USA,24,SP,AL,West,42.23904974016335
Everson Pereira,TB,AL East,R,R,VEN,24,CF,AL,East,88.19153674832971
Ezequiel Tovar,COL,NL West,R,R,VEN,24,SS,NL,West,92.88938381588716
Stuart Fairchild,TB,AL East,R,R,USA,29,RF,AL,East,55.83370452858203
Pete Fairbanks,TB,AL East,R,R,USA,31,RP,AL,East,42.73348181143282
Kyle Farmer,COL,NL West,R,R,USA,34,2B,NL,West,86.59688195991095
Hunter Feduccia,TB,AL East,L,R,USA,28,C,AL,East,54.11729769858949
Ryan Feltner,COL,NL West,R,R,USA,28,SP,NL,West,34.1410541945063
Freddy Fermin,SD,NL West,R,R,VEN,30,C,NL,West,85.9034892353378
José Fermín,STL,NL Central,R,R,DOM,26,2B,NL,Central,67.61841128433555
Jose A. Ferrer,WSH,NL East,L,L,DOM,25,RP,NL,East,48.42019302152936
Tyler Ferguson,ATH,AL West,R,R,USA,31,RP,AL,West,41.56347438752785
Ryan Fernandez,STL,NL Central,R,R,USA,27,RP,NL,Central,31.094283593169994
Yanquiel Fernández,COL,NL West,L,L,CUB,22,RF,NL,West,158.68151447661484
José Fermin,LAA,AL West,R,R,DOM,23,RP,AL,West,61.241276911655554
Julian Fernández,LAD,NL West,R,R,DOM,29,RP,NL,West,47.84409799554568
Matt Festa,CLE,AL Central,R,R,USA,32,RP,AL,Central,45.371937639198244
Kyle Finnegan,DET,AL Central,R,R,USA,33,RP,AL,Central,49.47141796585006
Tyler Fitzgerald,SF,NL West,R,R,USA,27,2B,NL,West,49.28285077951004
Ryan Fitzgerald,MIN,AL Central,L,R,USA,31,3B,AL,Central,69.54565701559022
Richard Fitts,BOS,AL East,R,R,USA,25,SP,AL,East,35.00668151447662
Jack Flaherty,DET,AL Central,R,R,USA,29,SP,AL,Central,37.085374907201185
Wilmer Flores,SF,NL West,R,R,VEN,33,1B,NL,West,118.37416481069042
Mason Fluharty,TOR,AL East,R,L,USA,23,RP,AL,East,44.152932442464746
Jason Foley,DET,AL Central,R,R,USA,29,SP,AL,Central,37.085374907201185
Nick Fortes,TB,AL East,R,R,USA,28,C,AL,East,50.11729769858948
Justin Foscue,TEX,AL West,R,R,USA,26,1B,AL,West,50.29547141796587
Ty France,TOR,AL East,R,R,USA,31,1B,AL,East,67.82034149962885
Jake Fraley,CIN,NL Central,L,L,USA,30,RF,NL,Central,62.87453600593913
Framber Valdez,HOU,AL West,R,L,DOM,31,SP,AL,West,59.622865627319996
Frankie Montas,NYM,NL East,R,R,DOM,32,SP,NL,East,64.26429101707505
J.P. France,HOU,AL West,R,R,USA,30,SP,AL,West,38.169265033407584
Nick Frasso,LAD,NL West,R,R,USA,26,SP,NL,West,34.26132145508539
Freddie Freeman,LAD,NL West,L,R,USA,35,1B,NL,West,104.75426874536011
Tyler Freeman,COL,NL West,R,R,USA,26,RF,NL,West,49.81291759465479
Sal Frelick,MIL,NL Central,L,R,USA,25,RF,NL,Central,56.73942093541207
Kyle Freeland,COL,NL West,L,L,USA,32,SP,NL,West,51.903489235337794
Freddy Peralta,MIL,NL Central,R,R,DOM,29,SP,NL,Central,50.60876020786938
Freddy Tarnok,MIA,NL East,R,R,USA,26,RP,NL,East,30.98144023756495
TJ Friedl,CIN,NL Central,L,L,USA,29,CF,NL,Central,60.50631031922796
Max Fried,NYY,AL East,L,L,USA,31,SP,AL,East,49.10319227913885
Kody Funderburk,MIN,AL Central,L,L,USA,28,RP,AL,Central,34.61321455085375
Gabriel Moreno,AZ,NL West,R,R,VEN,25,C,NL,West,75.97475872308836
Gabe Speier,SEA,AL West,L,L,USA,30,RP,AL,West,39.646622123236845
Hunter Gaddis,CLE,AL Central,R,R,USA,27,RP,AL,Central,31.16109873793613
Matt Gage,SF,NL West,L,L,USA,32,RP,NL,West,49.81440237564964
Zac Gallen,AZ,NL West,R,R,USA,29,SP,NL,West,37.38233110616184
Garrett Hampson,STL,NL Central,R,R,USA,30,2B,NL,Central,57.87676317743132
Mitch Garver,SEA,AL West,R,R,USA,34,C,AL,West,85.22494432071272
Luis García Jr.,WSH,NL East,L,R,USA,25,2B,NL,East,56.04305864884932
Luis García,LAA,AL West,R,R,DOM,38,RP,AL,West,98.20341499628807
Yimi García,TOR,AL East,R,R,DOM,34,RP,AL,East,74.07869339272462
Maikel Garcia,KC,AL Central,R,R,VEN,25,3B,AL,Central,76.72457312546403
Garrett Stubbs,PHI,NL East,L,R,USA,32,C,NL,East,74.8700816629548
Garrett Mitchell,MIL,NL Central,L,R,USA,26,CF,NL,Central,54.283593170007464
Reed Garrett,NYM,NL East,R,R,USA,32,RP,NL,East,46.084632516703806
Garrett Whitlock,BOS,AL East,R,R,USA,29,RP,AL,East,35.75798069784706
Robert Garcia,TEX,AL West,R,L,USA,29,RP,AL,West,34.13363028953233
Rico Garcia,NYM,NL East,R,R,USA,31,RP,NL,East,42.69784706755757
Justin Garza,NYM,NL East,R,R,USA,31,RP,NL,East,42.69784706755757
Jhostynxon Garcia,BOS,AL East,R,R,VEN,22,CF,AL,East,133.35263548626588
Mickey Gasper,MIN,AL Central,S,R,USA,29,2B,AL,Central,73.80103934669644
Robert Gasser,MIL,NL Central,L,L,USA,26,SP,NL,Central,37.089829250185694
Kevin Gausman,TOR,AL East,L,R,USA,34,SP,AL,East,63.128433556050474
Gavin Sheets,SD,NL West,L,L,USA,29,LF,NL,West,60.14402375649595
Gavin Lux,CIN,NL Central,L,R,USA,27,LF,NL,Central,54.50185597624353
Gavin Williams,CLE,AL Central,L,R,USA,26,SP,AL,Central,38.651818856718684
Gavin Hollowell,CHC,NL Central,R,R,USA,27,RP,NL,Central,31.024498886414243
Gavin Stone,LAD,NL West,R,R,USA,26,SP,NL,West,34.26132145508539
Zack Gelof,ATH,AL West,R,R,USA,25,2B,AL,West,52.30289532293989
George Springer,TOR,AL East,R,R,USA,35,RF,AL,East,93.60801781737193
George Kirby,SEA,AL West,R,R,USA,27,SP,AL,West,32.651818856718634
George Soriano,MIA,NL East,R,R,DOM,26,RP,NL,East,42.81662954714182
Geraldo Perdomo,AZ,NL West,S,R,DOM,25,SS,NL,West,96.48997772828518
Gerrit Cole,NYY,AL East,R,R,USA,34,SP,AL,East,57.018559762435046
Germán Márquez,COL,NL West,R,R,VEN,30,SP,NL,West,57.3927245731255
Joey Gerber,TB,AL East,R,R,USA,28,SP,AL,East,34.19599109131404
Paul Gervase,LAD,NL West,R,R,USA,25,RP,NL,West,32.26726057906458
Giancarlo Stanton,NYY,AL East,R,R,USA,35,DH,AL,East,103.32442464736447
Ian Gibaut,CIN,NL Central,R,R,USA,31,RP,NL,Central,41.15961395694138
Logan Gilbert,SEA,AL West,R,R,USA,28,SP,AL,West,33.84558277654047
Tyler Gilbert,CWS,AL Central,L,L,USA,31,RP,AL,Central,45.60059391239794
Luis Gil,NYY,AL East,R,R,DOM,27,SP,AL,East,45.38530066815147
Kevin Ginkel,AZ,NL West,L,R,USA,31,RP,NL,West,46.478099480326684
J.T. Ginn,ATH,AL West,R,R,USA,26,SP,AL,West,33.37045285820342
Gio Urshela,ATH,AL West,R,R,COL,33,3B,AL,West,135.85597624350413
Lucas Giolito,BOS,AL East,R,R,USA,31,SP,AL,East,44.28953229398663
Sawyer Gipson-Long,DET,AL Central,R,R,USA,27,SP,AL,Central,33.72234595397179
Tyler Glasnow,LAD,NL West,L,R,USA,31,SP,NL,West,49.33927245731257
Gleyber Torres,DET,AL Central,R,R,VEN,28,2B,AL,Central,75.25909428359324
Paul Goldschmidt,NYY,AL East,R,R,USA,37,1B,AL,East,109.45211581291764
Romy Gonzalez,BOS,AL East,R,R,USA,28,1B,AL,East,52.16926503340759
Nick Gonzales,PIT,NL Central,R,R,USA,26,2B,NL,Central,49.689680772086135
Tony Gonsolin,LAD,NL West,R,R,USA,31,SP,NL,West,44.69339272457312
Wikelman González,CWS,AL Central,R,R,VEN,23,RP,AL,Central,66.1559020044544
Hunter Goodman,COL,NL West,R,R,USA,25,C,NL,West,50.52264291017076
Nolan Gorman,STL,NL Central,L,R,USA,25,2B,NL,Central,56.65181885671868
MacKenzie Gore,WSH,NL East,L,L,USA,26,SP,NL,East,37.42538975501118
Gordon Graceffo,STL,NL Central,R,R,USA,25,RP,NL,Central,32.097995545657014
Tanner Gordon,COL,NL West,L,R,USA,27,SP,NL,West,36.99331848552343
Riley Greene,DET,AL Central,L,L,USA,24,LF,AL,Central,67.51002227171492
Gregory Soto,NYM,NL East,L,L,DOM,30,RP,NL,East,55.7446176688939
Greg Weissert,BOS,AL East,R,R,USA,30,RP,AL,East,37.798069784706755
Hunter Greene,CIN,NL Central,R,R,USA,25,SP,NL,Central,35.23533778767633
Gregory Santos,SEA,AL West,R,R,DOM,25,RP,AL,West,44.341499628804776
Randal Grichuk,KC,AL Central,R,R,USA,33,RF,AL,Central,78.62212323682257
Trent Grisham,NYY,AL East,L,L,USA,28,CF,AL,East,56.07275426874542
Griffin Jax,TB,AL East,R,R,USA,30,RP,AL,East,37.900519673348185
Vaughn Grissom,BOS,AL East,R,R,USA,24,2B,AL,East,60.63697104677061
Michael Grove,LAD,NL West,R,R,USA,28,SP,NL,West,34.19747587230883
Vladimir Guerrero Jr.,TOR,AL East,R,R,CAN,26,1B,AL,East,85.14625092798813
Sean Guenther,DET,AL Central,L,L,USA,29,RP,AL,Central,37.58277654046031
Luis Guerrero,BOS,AL East,R,R,DOM,24,RP,AL,East,50.80178173719378
Gunnar Henderson,BAL,AL East,L,R,USA,24,SS,AL,East,67.328878990349
Gunnar Hoglund,ATH,AL West,L,R,USA,25,SP,AL,West,38.18114328136603
Lourdes Gurriel Jr.,AZ,NL West,R,R,CUB,31,LF,NL,West,109.86636971046768
Gus Varland,CWS,AL Central,L,R,USA,28,SP,AL,Central,37.808463251670396
Ryan Gusto,MIA,NL East,R,R,USA,26,SP,NL,East,33.91091314031183
Josh Hader,HOU,AL West,L,L,USA,31,RP,AL,West,45.28582034149966
Sam Haggerty,TEX,AL West,S,R,USA,31,CF,AL,West,92.81217520415743
Justin Hagenman,NYM,NL East,R,R,USA,28,RP,NL,East,31.762435040831456
Seth Halvorsen,COL,NL West,R,R,USA,25,RP,NL,West,32.259836674090565
Petey Halpin,CLE,AL Central,L,R,USA,23,CF,AL,Central,81.56198960653307
Maverick Handley,BAL,AL East,R,R,USA,27,C,AL,East,48.16184112843357
Ian Happ,CHC,NL Central,S,R,USA,30,LF,NL,Central,81.6971046770602
Michael Harris II,ATL,NL East,L,L,USA,24,CF,NL,East,67.35708982925023
Hunter Harvey,KC,AL Central,R,R,USA,30,RP,AL,Central,36.58054936896806
Hogan Harris,ATH,AL West,R,L,USA,28,RP,AL,West,31.7446176688938
Kyle Harrison,BOS,AL East,R,L,USA,23,SP,AL,East,49.508537490720144
Kyle Hart,SD,NL West,L,L,USA,32,SP,NL,West,52.262806236080195
Thomas Harrington,PIT,NL Central,R,R,USA,24,RP,NL,Central,37.435783221974766
Robert Hassell III,WSH,NL East,L,L,USA,23,CF,NL,East,80.1187824795843
Thomas Hatch,KC,AL Central,R,R,USA,30,RP,AL,Central,36.58054936896806
Ke'Bryan Hayes,CIN,NL Central,R,R,USA,28,3B,NL,Central,50.87602078693392
Hayden Wesneski,HOU,AL West,R,R,USA,27,SP,AL,West,32.57312546399407
Hayden Senger,NYM,NL East,R,R,USA,28,C,NL,East,49.069042316258354
Héctor Neris,HOU,AL West,R,R,DOM,36,RP,AL,West,86.02375649591687
Austin Hedges,CLE,AL Central,R,R,USA,32,C,AL,Central,68.7067557535264
Jonah Heim,TEX,AL West,S,R,USA,30,C,AL,West,79.9732739420936
Tyler Heineman,TOR,AL East,S,R,USA,34,C,AL,East,118.94580549368968
Ryan Helsley,NYM,NL East,R,R,USA,31,RP,NL,East,42.69784706755757
Heliot Ramos,SF,NL West,R,R,PRI,25,LF,NL,West,86.16926503340754
Michael Helman,TEX,AL West,R,R,USA,29,CF,AL,West,54.27171492204902
Kyle Hendricks,LAA,AL West,R,R,USA,35,SP,AL,West,62.78544914625093
Sam Hentges,CLE,AL Central,L,L,USA,29,SP,AL,Central,41.2056421677803
Ronny Henriquez,MIA,NL East,R,R,DOM,25,RP,NL,East,44.2702301410542
Tommy Henry,AZ,NL West,L,L,USA,28,RP,NL,West,35.11210096510766
Tink Hence,STL,NL Central,R,R,USA,22,SP,NL,Central,61.79361544172235
Logan Henderson,MIL,NL Central,R,R,USA,23,SP,NL,Central,50.394951744617686
Teoscar Hernández,LAD,NL West,R,R,DOM,32,RF,NL,West,94.3459539717892
Jose Herrera,AZ,NL West,S,R,VEN,28,C,NL,West,103.65553080920566
Jimmy Herget,COL,NL West,R,R,USA,31,RP,NL,West,42.46770601336303
Iván Herrera,STL,NL Central,R,R,PAN,25,C,NL,Central,84.97104677060136
Tim Herrin,CLE,AL Central,L,L,USA,28,RP,AL,Central,34.66666666666666
Heriberto Hernandez,MIA,NL East,R,R,DOM,25,LF,NL,East,71.17297698589459
Kevin Herget,NYM,NL East,L,R,USA,34,RP,NL,East,60.00742390497405
Nick Hernandez,HOU,AL West,R,R,USA,30,RP,AL,West,36.524127691165546
Heston Kjerstad,BAL,AL East,L,R,USA,26,LF,AL,East,54.44988864142546
Jordan Hicks,BOS,AL East,R,R,USA,28,RP,AL,East,32.37268002969562
Liam Hicks,MIA,NL East,L,R,CAN,26,C,NL,East,87.80994803266525
Tim Hill,NYY,AL East,R,L,USA,35,RP,AL,East,59.624350408314754
Jaden Hill,COL,NL West,R,R,USA,25,RP,NL,West,32.259836674090565
Rece Hinds,CIN,NL Central,R,R,USA,24,RF,NL,Central,61.233853006681514
Yaramil Hiraldo,BAL,AL East,R,R,DOM,29,RP,AL,East,49.6213808463252
Sean Hjelle,SF,NL West,R,R,USA,28,RP,NL,West,32.23311061618413
Hoby Milner,TEX,AL West,L,L,USA,34,RP,AL,West,59.839643652561264
Nico Hoerner,CHC,NL Central,R,R,USA,28,2B,NL,Central,51.272457312546415
Jeff Hoffman,TOR,AL East,R,R,USA,32,RP,AL,East,45.38381588715668
Nolan Hoffman,PHI,NL East,R,R,USA,27,SP,NL,East,33.268002969561984
Andrew Hoffmann,AZ,NL West,R,R,USA,25,RP,NL,West,32.32071269487751
Tyler Holton,DET,AL Central,L,L,USA,29,RP,AL,Central,37.58277654046031
Jackson Holliday,BAL,AL East,L,R,USA,21,2B,AL,East,111.61841128433556
Grant Holmes,ATL,NL East,L,R,USA,29,SP,NL,East,40.372680029695644
Grant Holman,ATH,AL West,R,R,USA,25,RP,AL,West,32.04751299183369
Spencer Horwitz,PIT,NL Central,L,R,USA,27,1B,NL,Central,55.189309576837424
Rhys Hoskins,MIL,NL Central,R,R,USA,32,1B,NL,Central,71.03934669636232
Adrian Houser,TB,AL East,R,R,USA,32,SP,AL,East,46.2227171492205
Tanner Houck,BOS,AL East,R,R,USA,29,SP,AL,East,37.90051967334818
Houston Roth,BAL,AL East,R,R,USA,27,SP,AL,East,33.377876763177454
Hunter Stratton,ATL,NL East,R,R,USA,28,RP,NL,East,31.70898292501854
Kyle Hurt,LAD,NL West,R,R,USA,27,SP,NL,West,33.47884187082405
Hurston Waldrep,ATL,NL East,R,R,USA,23,SP,NL,East,49.915367483296244
Hyeseong Kim,LAD,NL West,L,R,KOR,26,2B,NL,West,94.46770601336306
Ian Seymour,TB,AL East,L,L,USA,26,RP,AL,East,33.79955456570151
Jose Iglesias,SD,NL West,R,R,CUB,35,2B,NL,West,154.12026726057914
Raisel Iglesias,ATL,NL East,R,R,CUB,35,RP,NL,East,97.88715664439492
Ildemaro Vargas,AZ,NL West,S,R,VEN,34,2B,NL,West,177.95694135115076
Shota Imanaga,CHC,NL Central,L,L,JPN,31,SP,NL,Central,84.46028210838911
Jonathan India,KC,AL Central,R,R,USA,28,2B,AL,Central,50.28359317000743
Jairo Iriarte,CWS,AL Central,R,R,VEN,23,SP,AL,Central,76.3103192279139
Jake Irvin,WSH,NL East,R,R,USA,28,SP,NL,East,34.05048255382332
Isaac Paredes,HOU,AL West,R,R,MEX,26,3B,AL,West,83.27245731254645
Isaac Mattson,PIT,NL Central,R,R,USA,30,RP,NL,Central,36.81811432813661
Kyle Isbel,KC,AL Central,L,R,USA,28,CF,AL,Central,55.588715664439526
Isiah Kiner-Falefa,PIT,NL Central,R,R,USA,30,SS,NL,Central,58.38604305864885
Jack Suwinski,PIT,NL Central,L,L,USA,27,RF,NL,Central,54.54342984409803
Jacob Young,WSH,NL East,R,R,USA,26,CF,NL,East,51.049740163325936
Jackson Merrill,SD,NL West,L,R,USA,22,CF,NL,West,99.92130660727548
Jacob Webb,TEX,AL West,R,R,USA,31,RP,AL,West,41.60504825538236
Jacob Wilson,ATH,AL West,R,R,USA,23,SS,AL,West,76.54788418708242
Jacob Latz,TEX,AL West,R,L,USA,29,RP,AL,West,34.13363028953233
Jace Jung,DET,AL Central,L,R,USA,24,3B,AL,Central,66.51521900519674
Jackson Kowar,SEA,AL West,R,R,USA,28,RP,AL,West,31.82182628062358
Jackson Rutledge,WSH,NL East,R,R,USA,26,RP,NL,East,31.080920564216754
Jeremiah Jackson,BAL,AL East,R,R,USA,25,2B,AL,East,51.47290274684486
Jack Leiter,TEX,AL West,R,R,USA,25,SP,AL,West,34.99925760950259
Joe Jacques,SEA,AL West,L,L,USA,30,SP,AL,West,41.65850037119529
Jack Kochanowicz,LAA,AL West,L,R,USA,24,SP,AL,West,45.46993318485525
Jacob Melton,HOU,AL West,L,L,USA,24,LF,AL,West,67.539717891611
Jacob Lopez,ATH,AL West,L,L,USA,27,SP,AL,West,35.84409799554566
Jack Winkler,MIA,NL East,R,R,USA,26,2B,NL,East,49.55308092056422
Jackson Jobe,DET,AL Central,R,R,USA,23,SP,AL,Central,50.682999257609524
Jack Neely,CHC,NL Central,R,R,USA,25,SP,NL,Central,35.20118782479586
Jacob Misiorowski,MIL,NL Central,R,R,USA,23,SP,NL,Central,50.394951744617686
Jahmai Jones,DET,AL Central,R,R,USA,27,RF,AL,Central,48.99331848552341
James McCann,AZ,NL West,R,R,USA,35,C,NL,West,93.37045285820348
James Outman,MIN,AL Central,L,R,USA,28,CF,AL,Central,55.80549368968082
Jameson Taillon,CHC,NL Central,R,R,USA,33,SP,NL,Central,51.10022271714924
James Wood,WSH,NL East,L,R,USA,22,LF,NL,East,98.84484038604306
James McArthur,KC,AL Central,R,R,USA,28,SP,AL,Central,34.43652561247216
Kenley Jansen,LAA,AL West,S,R,CUW,37,RP,AL,West,162.99480326651823
Janson Junk,MIA,NL East,R,R,USA,29,SP,NL,East,36.910170749814405
Jarred Kelenic,ATL,NL East,L,L,USA,26,RF,NL,East,53.602078693392784
Jared Triolo,PIT,NL Central,R,R,USA,27,SS,NL,Central,49.633259094283595
Jared Koenig,MIL,NL Central,R,L,USA,31,RP,NL,Central,41.32442464736456
Jared Young,NYM,NL East,L,R,CAN,30,LF,NL,East,109.20118782479585
Jared Shuster,CWS,AL Central,L,L,USA,27,RP,AL,Central,33.968819599109125
Jared Jones,PIT,NL Central,L,R,USA,23,SP,NL,Central,54.723088344469204
Jared Serna,MIA,NL East,R,R,MEX,23,SS,NL,East,118.264291017075
Javier Sanoja,MIA,NL East,R,R,VEN,22,2B,NL,East,133.96585003711957
Jayvien Sandridge,NYY,AL East,L,L,USA,26,RP,AL,East,33.86785449146247
Jeff McNeil,NYM,NL East,L,R,USA,33,2B,NL,East,85.44172234595402
Ryan Jeffers,MIN,AL Central,R,R,USA,28,C,AL,Central,49.64959168522643
Jeffrey Springs,ATH,AL West,L,L,USA,32,SP,AL,West,50.806236080178195
Jeferson Quero,MIL,NL Central,R,R,VEN,22,C,NL,Central,131.73570898292508
Jeremy Peña,HOU,AL West,R,R,DOM,27,SS,AL,West,66.52115812917599
Jesse Winker,NYM,NL East,L,L,USA,31,LF,NL,East,72.35189309576842
Jesús Sánchez,HOU,AL West,L,R,DOM,27,RF,AL,West,72.77505567928738
Jesús Luzardo,PHI,NL East,L,L,PER,27,SP,NL,East,65.02301410541943
Jesus Tinoco,MIA,NL East,R,R,VEN,30,RP,NL,East,54.82256867112105
Jesse Scholtens,CWS,AL Central,R,R,USA,31,SP,AL,Central,44.011878247958435
Jhonkensy Noel,CLE,AL Central,R,R,DOM,24,RF,AL,Central,82.10393466963625
Jhonny Pereda,MIN,AL Central,R,R,VEN,29,C,AL,Central,79.93021529324427
Joe Jiménez,ATL,NL East,R,R,PRI,30,SP,NL,East,65.27691165553081
Leo Jiménez,TOR,AL East,R,R,PAN,24,SS,AL,East,102.13659985152195
Joc Pederson,TEX,AL West,L,L,USA,33,1B,AL,West,87.61692650334082
Joey Ortiz,MIL,NL Central,R,R,USA,27,SS,NL,Central,49.640682999257606
Joe Musgrove,SD,NL West,R,R,USA,32,SP,NL,West,47.47141796585005
Joey Wiemer,KC,AL Central,R,R,USA,26,LF,AL,Central,51.083890126206406
Joe Ross,PHI,NL East,R,R,USA,32,RP,NL,East,46.13214550853752
Joey Loperfido,TOR,AL East,L,R,USA,26,LF,AL,East,54.3296213808464
Joey Wentz,ATL,NL East,L,L,USA,27,SP,NL,East,36.538975501113626
Joe Ryan,MIN,AL Central,R,R,USA,29,SP,AL,Central,37.24870081662953
Joey Lucchesi,SF,NL West,L,L,USA,32,RP,NL,West,49.81440237564964
Joe La Sorsa,CIN,NL Central,L,L,USA,27,RP,NL,Central,34.02821083890126
Joe Rock,TB,AL East,L,L,USA,25,RP,AL,East,34.88938381588715
Johan Rojas,PHI,NL East,R,R,DOM,24,CF,NL,East,83.44914625092804
John Schreiber,KC,AL Central,R,R,USA,31,RP,AL,Central,41.67186340014847
John King,STL,NL Central,L,L,USA,30,RP,NL,Central,40.083147735709034
John Rave,KC,AL Central,L,L,USA,27,RF,AL,Central,53.73125463994066
John Means,CLE,AL Central,L,L,USA,32,SP,AL,Central,52.31477357089834
Johan Oviedo,PIT,NL Central,R,R,CUB,27,SP,NL,Central,54.3593170007424
Johnathan Rodríguez,CLE,AL Central,R,R,PRI,25,RF,AL,Central,86.50185597624349
Troy Johnston,MIA,NL East,L,L,USA,28,OF,NL,East,60.08017817371937
Ryan Johnson,LAA,AL West,S,R,USA,22,RP,AL,West,80.28210838901259
Seth Johnson,PHI,NL East,R,R,USA,26,RP,NL,East,30.99034892353377
JoJo Romero,STL,NL Central,L,L,USA,28,RP,NL,Central,35.28582034149963
Nolan Jones,CLE,AL Central,L,R,USA,27,RF,AL,Central,54.08611729769862
Jon Gray,TEX,AL West,R,R,USA,33,RP,AL,West,50.48403860430587
Jonathan Loáisiga,NYY,AL East,R,R,NIC,30,RP,AL,East,65.64662212323685
Jonny DeLuca,TB,AL East,R,R,USA,27,CF,AL,East,49.63474387527842
Jonathan Ornelas,ATL,NL East,R,R,USA,25,SS,NL,East,52.04305864884931
Jonathan Pintaro,NYM,NL East,R,R,USA,27,RP,NL,East,30.721603563474364
Jorge Polanco,SEA,AL West,S,R,DOM,32,2B,AL,West,132.87305122494442
Jorge Mateo,BAL,AL East,R,R,DOM,30,SS,AL,East,80.59242761692651
Jordan Romano,PHI,NL East,R,R,CAN,32,RP,NL,East,77.8574610244989
Jordan Westburg,BAL,AL East,R,R,USA,26,3B,AL,East,48.38455827765406
Jordan Walker,STL,NL Central,R,R,USA,23,RF,NL,Central,74.98440979955454
Jordan Montgomery,MIL,NL Central,L,L,USA,32,SP,NL,Central,50.37268002969563
Jordan Leasure,CWS,AL Central,R,R,USA,26,RP,AL,Central,31.19673348181141
Jorbit Vivas,NYY,AL East,L,R,VEN,24,2B,AL,East,95.85597624350405
Jordan Lawlar,AZ,NL West,R,R,USA,23,2B,NL,West,74.656273199703
Jordan Wicks,CHC,NL Central,L,L,USA,25,RP,NL,Central,34.90571640683002
JP Sears,SD,NL West,R,L,USA,29,SP,NL,West,37.60950259836677
Juan Soto,NYM,NL East,L,L,DOM,26,RF,NL,East,72.49294729027474
Juan Morillo,AZ,NL West,R,R,VEN,26,RP,NL,West,46.3593170007424
Juan Mejia,COL,NL West,R,R,DOM,25,RP,NL,West,43.645137342242045
Julio Rodríguez,SEA,AL West,R,R,DOM,24,CF,AL,West,83.58426132145509
Josh Jung,TEX,AL West,R,R,USA,27,3B,AL,West,48.61172976985892
Jakob Junis,CLE,AL Central,R,R,USA,32,RP,AL,Central,45.371937639198244
Jung Hoo Lee,SF,NL West,L,R,KOR,26,CF,NL,West,95.14773570898295
Jurickson Profar,ATL,NL East,S,R,CUW,32,LF,NL,East,171.02449888641436
Justin Wilson,BOS,AL East,L,L,USA,37,RP,AL,East,73.81143281366009
Justin Verlander,SF,NL West,R,R,USA,42,SP,NL,West,81.13288789903488
Justin Lawrence,PIT,NL Central,R,R,PAN,30,RP,NL,Central,63.863400148478114
Justyn-Henry Malloy,DET,AL Central,R,R,USA,25,RF,AL,Central,51.84706755753528
Justin Topa,MIN,AL Central,R,R,USA,34,RP,AL,Central,54.59391239792131
Justin Steele,CHC,NL Central,L,L,USA,30,SP,NL,Central,42.27913882702303
Justin Martinez,AZ,NL West,R,R,DOM,24,RP,NL,West,51.35708982925019
Justin Slaten,BOS,AL East,R,R,USA,27,RP,AL,East,31.220489977728267
Justin Sterner,ATH,AL West,R,R,USA,28,RP,AL,West,31.749072011878223
Justin Wrobleski,LAD,NL West,L,L,USA,25,RP,NL,West,35.315515961395676
Kade Strowd,BAL,AL East,R,R,USA,27,RP,AL,East,31.27542687453599
Tommy Kahnle,DET,AL Central,R,R,USA,35,RP,AL,Central,58.91462509279881
Kai-Wei Teng,SF,NL West,R,R,TWN,26,SP,NL,West,58.66369710467707
Kaleb Ort,HOU,AL West,R,R,USA,33,RP,AL,West,50.45285820341501
Kameron Misner,TB,AL East,L,L,USA,27,CF,AL,East,54.27468448403865
Niko Kavadas,LAA,AL West,L,R,USA,26,1B,AL,West,54.37119524870083
Keaton Winn,SF,NL West,R,R,USA,27,SP,NL,West,33.561989606533054
Luke Keaschall,MIN,AL Central,R,R,USA,22,2B,AL,Central,91.56050482553827
Keibert Ruiz,WSH,NL East,S,R,VEN,27,C,NL,East,96.63400148478107
Keider Montero,DET,AL Central,R,R,VEN,25,SP,AL,Central,54.15144766146995
Merrill Kelly,TEX,AL West,R,R,USA,36,SP,AL,West,66.4394951744618
Mitch Keller,PIT,NL Central,R,R,USA,29,SP,NL,Central,36.99183370452858
Kevin Kelly,TB,AL East,R,R,USA,27,RP,AL,East,31.26800296956197
Zack Kelly,BOS,AL East,R,R,USA,30,RP,AL,East,37.798069784706755
Michael Kelly,ATH,AL West,R,R,USA,32,RP,AL,West,45.51299183370455
Otto Kemp,PHI,NL East,R,R,USA,25,1B,NL,East,51.977728285077966
Kendall Graveman,AZ,NL West,R,R,USA,34,RP,NL,West,55.273942093541216
Ken Waldichuk,ATH,AL West,L,L,USA,27,SP,AL,West,35.84409799554566
Zak Kent,CLE,AL Central,R,R,USA,27,RP,AL,Central,31.16109873793613
Max Kepler,PHI,NL East,L,L,GER,32,LF,NL,East,137.84706755753538
Orion Kerkering,PHI,NL East,R,R,USA,24,RP,NL,East,37.52932442464738
Ketel Marte,AZ,NL West,S,R,DOM,31,2B,NL,West,120.24647364513741
Kevin Newman,LAA,AL West,R,R,USA,31,3B,AL,West,65.04083147735712
Yusei Kikuchi,LAA,AL West,L,L,JPN,34,SP,AL,West,109.072011878248
Ha-Seong Kim,TB,AL East,R,R,KOR,29,SS,AL,East,96.82702301410541
Scott Kingery,LAA,AL West,R,R,USA,31,2B,AL,West,64.55827765404605
Tyler Kinley,ATL,NL East,R,R,USA,34,RP,NL,East,54.99925760950263
Michael King,SD,NL West,R,R,USA,30,SP,NL,West,39.03637713437268
Kirby Yates,LAD,NL West,L,R,USA,38,RF,NL,West,123.77579806978473
Will Klein,LAD,NL West,R,R,USA,25,RP,NL,West,32.26726057906458
Landon Knack,LAD,NL West,L,R,USA,28,SP,NL,West,37.5753526354863
Kodai Senga,NYM,NL East,L,R,JPN,32,SP,NL,East,91.58723088344475
Stephen Kolek,KC,AL Central,R,R,USA,28,SP,AL,Central,34.43652561247216
Konnor Pilkington,WSH,NL East,L,L,USA,27,RP,NL,East,33.75204157386781
Michael Kopech,LAD,NL West,R,R,USA,29,RP,NL,West,35.19524870081662
Matt Koperniak,STL,NL Central,L,R,United Kingdom,27,LF,NL,Central,95.49220489977733
Korey Lee,CWS,AL Central,R,R,USA,27,C,AL,Central,47.97921306607276
Max Kranick,NYM,NL East,R,R,USA,28,RP,NL,East,31.762435040831456
Ryan Kreidler,DET,AL Central,R,R,USA,27,CF,AL,Central,49.74758723088346
Matt Krook,CLE,AL Central,L,L,USA,30,RP,AL,Central,39.876763177431336
Kumar Rocker,TEX,AL West,R,R,USA,25,SP,AL,West,34.99925760950259
Nick Kurtz,ATH,AL West,L,L,USA,22,1B,AL,West,100.03118040089085
Kyle Tucker,CHC,NL Central,L,R,USA,28,RF,NL,Central,55.711952487008205
Kyle Higashioka,TEX,AL West,R,R,USA,35,C,AL,West,92.60579064587972
Kyle Stowers,MIA,NL East,L,L,USA,27,LF,NL,East,53.6718634001485
Kyle Manzardo,CLE,AL Central,L,R,USA,25,1B,AL,Central,57.71492204899779
Kyle Nelson,AZ,NL West,L,L,USA,29,SP,NL,West,41.26354862657762
Kyle Leahy,STL,NL Central,S,R,USA,28,RP,NL,Central,45.24276169265037
Kyle Wright,KC,AL Central,R,R,USA,29,SP,AL,Central,37.13437268002969
Kyle Nicolas,PIT,NL Central,R,R,USA,26,RP,NL,Central,30.764662212323653
Kyle Teel,CWS,AL Central,L,R,USA,23,C,AL,Central,76.0282108389013
Kyren Paris,LAA,AL West,R,R,USA,23,CF,AL,West,75.4060876020787
LaMonte Wade Jr.,LAA,AL West,L,L,USA,31,1B,AL,West,71.8084632516704
Lane Thomas,CLE,AL Central,R,R,USA,29,CF,AL,Central,55.167037861915375
Shea Langeliers,ATH,AL West,R,R,USA,27,C,AL,West,47.104677060133625
Wyatt Langford,TEX,AL West,R,R,USA,23,LF,AL,West,75.22345953971792
Lance McCullers Jr.,HOU,AL West,L,R,USA,31,SP,AL,West,47.54120267260581
Landen Roupp,SF,NL West,R,R,USA,26,SP,NL,West,34.24647364513734
Lars Nootbaar,STL,NL Central,L,R,USA,27,LF,NL,Central,54.54639940608762
Trevor Larnach,MIN,AL Central,L,R,USA,28,RF,AL,Central,54.68596881959913
Andry Lara,WSH,NL East,R,R,VEN,22,RP,NL,East,80.86711210096513
Ramón Laureano,SD,NL West,R,R,DOM,31,RF,NL,West,88.57906458797328
Nate Lavender,TB,AL East,L,L,USA,25,SP,AL,East,38.77505567928737
Max Lazar,PHI,NL East,R,R,USA,26,RP,NL,East,30.99034892353377
José Leclerc,ATH,AL West,R,R,DOM,31,RP,AL,West,58.132145508537505
Casey Legumina,SEA,AL West,R,R,USA,28,RP,AL,West,31.82182628062358
Mark Leiter Jr.,NYY,AL East,R,R,USA,34,RP,AL,East,54.52709725315518
Lenyn Sosa,CWS,AL Central,R,R,VEN,25,2B,AL,Central,78.91314031180404
Sandy León,ATL,NL East,S,R,VEN,36,C,NL,East,203.96881959910922
Leo Rivas,SEA,AL West,S,R,VEN,27,2B,AL,West,97.46102449888639
Pedro León,HOU,AL West,R,R,CUB,27,RF,AL,West,79.70898292501857
Royce Lewis,MIN,AL Central,R,R,USA,26,3B,AL,Central,49.6763177431329
Liam Hendriks,BOS,AL East,R,R,AUS,36,RP,AL,East,107.16852264291018
Matthew Liberatore,STL,NL Central,L,L,USA,25,SP,NL,Central,38.871566443949575
Francisco Lindor,NYM,NL East,S,R,PRI,31,SS,NL,East,155.0111358574612
Liover Peguero,PIT,NL Central,R,R,DOM,24,SS,NL,Central,85.22197475872309
Trey Lipscomb,WSH,NL East,R,R,USA,25,3B,NL,East,51.94357832219749
Zack Littell,CIN,NL Central,R,R,USA,29,SP,NL,Central,36.96807720861175
Luke Little,CHC,NL Central,L,L,USA,24,RP,NL,Central,40.38901262063846
Jack Little,LAD,NL West,L,R,USA,27,RP,NL,West,34.10838901262065
Tyler Locklear,AZ,NL West,R,R,USA,24,1B,NL,West,62.17520415738679
Nick Lodolo,CIN,NL Central,L,L,USA,27,SP,NL,Central,36.60133630289539
Nick Loftin,KC,AL Central,R,R,USA,26,LF,AL,Central,51.083890126206406
Logan O'Hoppe,LAA,AL West,R,R,USA,25,C,AL,West,49.75501113585747
Logan Webb,SF,NL West,R,R,USA,28,SP,NL,West,34.17223459539718
Logan VanWey,HOU,AL West,R,R,USA,26,RP,AL,West,30.6889383815887
Sam Long,KC,AL Central,L,L,USA,30,RP,AL,Central,39.599109131403125
Reynaldo López,ATL,NL East,R,R,DOM,31,SP,NL,East,60.33407572383077
Otto Lopez,MIA,NL East,R,R,DOM,26,2B,NL,East,66.96213808463253
Pablo López,MIN,AL Central,L,R,VEN,29,SP,AL,Central,62.20044543429845
Michael Lorenzen,KC,AL Central,R,R,USA,33,SP,AL,Central,53.26948775055682
Louis Varland,TOR,AL East,L,R,USA,27,RP,AL,East,34.341499628804776
Ryan Loutos,WSH,NL East,R,R,USA,26,RP,NL,East,31.080920564216754
Nathaniel Lowe,WSH,NL East,L,R,USA,30,1B,NL,East,62.95174461766892
Josh Lowe,TB,AL East,L,R,USA,27,RF,AL,East,54.438010393467
Rhett Lowder,CIN,NL Central,R,R,USA,23,SP,NL,Central,50.317743132887905
Marco Luciano,SF,NL West,R,R,DOM,23,OF,NL,West,105.55159613956945
Seth Lugo,KC,AL Central,R,R,USA,35,SP,AL,Central,64.0861172976986
Matthew Lugo,LAA,AL West,R,R,PRI,24,CF,AL,West,99.60059391239795
Luis Rengifo,LAA,AL West,S,R,VEN,28,3B,AL,West,101.53377876763186
Luis Urías,ATH,AL West,R,R,MEX,28,2B,AL,West,85.11507052709725
Luis Robert Jr.,CWS,AL Central,R,R,CUB,27,CF,AL,Central,82.81662954714184
Luis Torrens,NYM,NL East,R,R,VEN,29,C,NL,East,78.42167780252419
Luis Castillo,SEA,AL West,R,R,undefined,32,SP,AL,West,81.28878990348926
Luis Severino,ATH,AL West,R,R,DOM,31,SP,AL,West,59.37787676317744
Luis Matos,SF,NL West,R,R,VEN,23,RF,NL,West,108.0876020786934
Luis L. Ortiz,CLE,AL Central,R,R,DOM,26,SP,AL,Central,47.05716406829997
Luis Vázquez,BAL,AL East,R,R,PRI,25,SS,AL,East,85.31551596139568
Luis Medina,ATH,AL West,R,R,DOM,26,SP,AL,West,45.51002227171496
Luis Peralta,COL,NL West,L,L,DOM,24,RP,NL,West,56.41870824053451
Luis Mey,CIN,NL Central,R,R,DOM,24,RP,NL,Central,51.36302895322942
Luke Maile,KC,AL Central,R,R,USA,34,C,AL,Central,85.52190051967334
Luke Raley,SEA,AL West,L,R,USA,30,RF,AL,West,61.902004454343015
Luke Jackson,DET,AL Central,R,R,USA,33,RP,AL,Central,49.47141796585006
Luke Williams,ATL,NL East,R,R,USA,28,SS,NL,East,50.93541202672608
Luke Weaver,NYY,AL East,R,R,USA,31,RP,AL,East,42.844840386043074
Nathan Lukes,TOR,AL East,L,R,USA,31,RF,AL,East,72.50185597624365
Lyon Richardson,CIN,NL Central,S,R,USA,25,RP,NL,Central,45.01410541945065
Manny Machado,SD,NL West,R,R,USA,33,3B,NL,West,77.10170749814408
Willie MacIver,ATH,AL West,R,R,USA,28,C,AL,West,49.024498886414285
Nick Madrigal,NYM,NL East,R,R,USA,28,3B,NL,East,50.506310319227936
Ty Madden,DET,AL Central,R,R,USA,25,SP,AL,Central,36.28656273199705
Tyler Mahle,TEX,AL West,R,R,USA,30,SP,AL,West,38.04454342984411
Martín Maldonado,SD,NL West,R,R,PRI,38,C,NL,West,182.81662954714184
Anthony Maldonado,ATH,AL West,R,R,USA,27,RP,AL,West,30.67706013363027
Sean Manaea,NYM,NL East,R,L,USA,33,SP,NL,East,53.01113585746104
Manuel Rodríguez,TB,AL East,R,R,MEX,28,RP,AL,East,55.293244246473655
Jake Mangum,TB,AL East,S,L,USA,29,LF,AL,East,77.33630289532297
Matt Manning,PHI,NL East,R,R,USA,27,SP,NL,East,33.268002969561984
Marcell Ozuna,ATL,NL East,R,R,DOM,34,DH,NL,East,127.8203414996288
Starling Marte,NYM,NL East,R,R,DOM,36,LF,NL,East,133.94060876020794
Martín Pérez,CWS,AL Central,L,L,VEN,34,SP,AL,Central,100.64291017074986
Mark Vientos,NYM,NL East,R,R,USA,25,3B,NL,East,51.419450631031935
Nick Martinez,CIN,NL Central,L,R,USA,34,SP,NL,Central,62.23756495916851
Noelvi Marte,CIN,NL Central,R,R,DOM,23,3B,NL,Central,99.55753526354869
Ron Marinaccio,SD,NL West,R,R,USA,30,RP,NL,West,37.4402375649592
Rafael Marchán,PHI,NL East,S,R,VEN,26,C,NL,East,98.7780252412769
Marcelo Mayer,BOS,AL East,L,R,USA,22,3B,AL,East,96.91759465478843
Orelvis Martinez,TOR,AL East,R,R,DOM,23,2B,AL,East,95.83815887156655
Jakob Marsee,MIA,NL East,L,L,USA,24,CF,NL,East,67.70452858203424
Masyn Winn,STL,NL Central,R,R,USA,23,SS,NL,Central,77.04825538233106
Masataka Yoshida,BOS,AL East,L,R,JPN,32,LF,AL,East,135.374907201188
Miles Mastrobuoni,SEA,AL West,L,R,USA,29,3B,AL,West,58.305864884929484
Mason Thompson,WSH,NL East,R,R,USA,27,RP,NL,East,30.893838158871546
Mason Miller,SD,NL West,R,R,USA,26,RP,NL,West,31.364513734224186
Mason McCoy,SD,NL West,R,R,USA,30,2B,NL,West,57.973273942093535
Mason Montgomery,TB,AL East,L,L,USA,25,RP,AL,East,34.88938381588715
Mason Black,SF,NL West,R,R,USA,25,RP,NL,West,32.24795842613214
Matt Chapman,SF,NL West,R,R,USA,32,3B,NL,West,68.41425389755008
Matt Vierling,DET,AL Central,R,R,USA,28,CF,AL,Central,51.01559020044542
Phil Maton,TEX,AL West,R,R,USA,32,RP,AL,West,45.50111358574614
Matt Strahm,PHI,NL East,R,L,USA,33,RP,NL,East,50.89680772086118
Matt Thaiss,TB,AL East,L,R,USA,30,C,AL,East,62.184112843355656
Matt Wallner,MIN,AL Central,L,R,USA,27,RF,AL,Central,53.790645879732764
Steven Matz,BOS,AL East,R,L,USA,34,RP,AL,East,54.29695619896065
Matt McLain,CIN,NL Central,R,R,USA,25,2B,NL,Central,52.163325909428394
Yuki Matsui,SD,NL West,L,L,JPN,29,RP,NL,West,66.63697104677064
Matt Shaw,CHC,NL Central,R,R,USA,23,3B,NL,Central,74.69190794357833
Matt Waldron,SD,NL West,R,R,USA,28,SP,NL,West,34.25983667409058
Matt Sauer,LAD,NL West,R,R,USA,26,RP,NL,West,31.325909428359292
Matt Svanson,STL,NL Central,R,R,USA,26,RP,NL,Central,30.779510022271694
Zebby Matthews,MIN,AL Central,R,R,USA,25,SP,AL,Central,36.452858203415005
Ronny Mauricio,NYM,NL East,S,R,DOM,24,3B,NL,East,114.51076466221237
Max Muncy,ATH,AL West,R,R,USA,22,3B,AL,West,93.12991833704527
Max Scherzer,TOR,AL East,R,R,USA,41,SP,AL,East,79.80846325167042
Max Schuemann,ATH,AL West,R,R,USA,28,3B,AL,West,50.70527097253157
Max Meyer,MIA,NL East,L,R,USA,26,SP,NL,East,37.27394209354125
Tim Mayza,PIT,NL Central,L,L,USA,33,RP,NL,Central,53.918337045285845
Trevor McDonald,SF,NL West,R,R,USA,24,SP,NL,West,43.126948775055666
Reese McGuire,CHC,NL Central,L,R,USA,30,C,NL,Central,60.688938381588734
Michael McGreevy,STL,NL Central,L,R,USA,25,SP,NL,Central,38.87453600593918
Zach McKinstry,DET,AL Central,L,R,USA,30,3B,AL,Central,60.51373422420196
Ryan McMahon,NYY,AL East,L,R,USA,30,3B,AL,East,62.71417965850041
Parker Meadows,DET,AL Central,L,R,USA,25,CF,AL,Central,57.949517446176735
Nick Mears,MIL,NL Central,R,R,USA,28,RP,NL,Central,32.30586488492948
Wade Meckler,SF,NL West,L,R,USA,25,OF,NL,West,62.440979955456584
Victor Mederos,LAA,AL West,R,R,CUB,24,RP,AL,West,59.50705270972534
Trevor Megill,MIL,NL Central,L,R,USA,31,RP,NL,Central,44.98292501855978
Tylor Megill,NYM,NL East,R,R,USA,30,SP,NL,East,38.66666666666665
MJ Melendez,KC,AL Central,L,R,USA,26,LF,AL,Central,55.60356347438757
Troy Melton,DET,AL Central,R,R,USA,24,SP,AL,Central,42.975501113585764
Michael Mercado,PHI,NL East,R,R,USA,26,RP,NL,East,30.99034892353377
Jake Meyers,HOU,AL West,R,L,USA,29,CF,AL,West,54.45879732739425
Michael Conforto,LAD,NL West,L,R,USA,32,LF,NL,West,77.6169265033409
Mickey Moniak,COL,NL West,L,R,USA,27,RF,NL,West,53.884187082405376
Michael Massey,KC,AL Central,L,R,USA,27,2B,AL,Central,53.37490720118786
Michael Wacha,KC,AL Central,R,R,USA,34,SP,AL,Central,59.373422420193045
Michael Toglia,COL,NL West,S,L,USA,26,1B,NL,West,69.95694135115075
Michael Tonkin,MIN,AL Central,R,R,USA,35,RP,AL,Central,59.19376391982184
Michael Siani,STL,NL Central,L,L,USA,26,CF,NL,Central,54.255382331106205
Michael Soroka,CHC,NL Central,R,R,CAN,27,SP,NL,Central,56.69784706755756
Michel Otañez,ATH,AL West,R,R,DOM,28,RP,AL,West,43.95694135115071
Michael Petersen,MIA,NL East,R,R,United Kingdom,31,RP,NL,East,73.5857461024499
Miguel Rojas,LAD,NL West,R,R,VEN,36,2B,NL,West,148.4587973273942
Miguel Castro,CWS,AL Central,R,R,DOM,30,RP,AL,Central,49.89309576837419
Miguel Vargas,CWS,AL Central,R,R,CUB,25,3B,AL,Central,84.46622123236827
Mike Trout,LAA,AL West,R,R,USA,33,RF,AL,West,79.28285077951001
Mike Yastrzemski,KC,AL Central,L,L,USA,34,RF,AL,Central,95.86785449146252
Mike Tauchman,CWS,AL Central,L,L,USA,34,RF,AL,Central,95.7921306607276
Miles Mikolas,STL,NL Central,R,R,USA,36,SP,NL,Central,66.2583518930958
Mike Vasil,CWS,AL Central,L,R,USA,25,RP,AL,Central,35.5308092056422
Wade Miley,CIN,NL Central,L,L,USA,38,SP,NL,Central,84.01781737193767
Shelby Miller,MIL,NL Central,R,R,USA,34,RP,NL,Central,54.24053452115815
A.J. Minter,NYM,NL East,L,L,USA,31,RP,NL,East,46.3904974016333
Jose Miranda,MIN,AL Central,R,R,PRI,27,3B,AL,Central,81.08389012620643
Anthony Misiewicz,MIN,AL Central,R,L,USA,30,RP,AL,Central,36.69933184855233
Mitch Spence,ATH,AL West,R,R,USA,27,RP,AL,West,30.67706013363027
Mitchell Parker,WSH,NL East,L,L,USA,25,SP,NL,East,38.95025983667415
Casey Mize,DET,AL Central,R,R,USA,28,SP,AL,Central,34.276169265033396
Moisés Chace,PHI,NL East,R,R,VEN,22,SP,NL,East,90.98589458054933
Sam Moll,CIN,NL Central,L,L,USA,33,RP,NL,Central,53.86043058648851
Anthony Molina,COL,NL West,R,R,VEN,23,RP,NL,West,65.78619153674833
Rafael Montero,DET,AL Central,R,R,DOM,34,RP,AL,Central,73.1893095768374
Ryan Mountcastle,BAL,AL East,R,R,USA,28,1B,AL,East,52.23162583518932
Roddery Muñoz,STL,NL Central,R,R,DOM,25,RP,NL,Central,44.50482553823312
Rolddy Muñoz,ATL,NL East,R,R,DOM,25,SP,NL,East,48.05196733481813
Sean Murphy,ATL,NL East,R,R,USA,30,C,NL,East,56.20489977728286
Tom Murphy,SF,NL West,R,R,USA,34,C,NL,West,85.83815887156642
Tobias Myers,MIL,NL Central,R,R,USA,26,SP,NL,Central,33.60207869339273
Myles Straw,TOR,AL East,R,R,USA,30,CF,AL,East,59.496659242761694
Tommy Nance,TOR,AL East,R,R,USA,34,RP,AL,East,54.446919079435816
Nasim Nuñez,WSH,NL East,S,R,USA,24,SS,NL,East,88.7216035634744
Nate Pearson,CHC,NL Central,R,R,USA,28,RP,NL,Central,32.20341499628805
Nathan Wiles,ATL,NL East,R,R,USA,27,RP,NL,East,30.73199703043799
Josh Naylor,SEA,AL West,L,L,CAN,28,1B,AL,West,95.8574610244989
Ryne Nelson,AZ,NL West,R,R,USA,27,SP,NL,West,33.437268002969574
Zach Neto,LAA,AL West,R,R,USA,24,SS,AL,West,63.33630289532296
Sean Newcomb,ATH,AL West,L,L,USA,32,RP,AL,West,49.474387527839674
Nick Pivetta,SD,NL West,R,R,CAN,32,SP,NL,West,80.79435783221982
Nick Sandlin,TOR,AL East,R,R,USA,28,RP,AL,East,32.449888641425396
Nick Sogard,BOS,AL East,S,R,USA,27,1B,AL,East,68.52709725315519
Nick Yorke,PIT,NL Central,R,R,USA,23,2B,NL,Central,75.61989606533042
Brandon Nimmo,NYM,NL East,L,R,USA,32,LF,NL,East,78.37268002969567
Nolan Schanuel,LAA,AL West,L,R,USA,23,1B,AL,West,80.92947290274687
Shinnosuke Ogasawara,WSH,NL East,L,L,JPN,27,SP,NL,East,64.3860430586489
Pierson Ohl,MIN,AL Central,R,R,USA,25,SP,AL,Central,36.452858203415005
Shohei Ohtani,LAD,NL West,L,R,JPN,31,TWP,NL,West,138.95322939866375
Steven Okert,HOU,AL West,L,L,USA,34,RP,AL,West,59.749072011878276
Matt Olson,ATL,NL East,L,R,USA,31,1B,NL,East,71.95248700816627
Reese Olson,DET,AL Central,R,R,USA,26,SP,AL,Central,34.5894580549369
Orlando Ribalta,WSH,NL East,R,R,CUB,27,RP,NL,East,50.98440979955458
Tirso Ornelas,SD,NL West,L,R,MEX,25,LF,NL,West,95.39123979213065
Oswald Peraza,LAA,AL West,R,R,VEN,25,3B,AL,West,74.9948032665182
Owen White,CWS,AL Central,R,R,USA,25,RP,AL,Central,32.402375649591704
Tyler Owens,DET,AL Central,R,R,USA,24,RP,AL,Central,37.48478099480327
Pedro Pagés,STL,NL Central,R,R,VEN,26,C,NL,Central,71.32145508537495
Richie Palacios,TB,AL East,L,R,USA,28,LF,AL,East,56.207869339272484
Vinnie Pasquantino,KC,AL Central,L,L,USA,27,1B,AL,Central,54.308834446919136
Patrick Sandoval,BOS,AL East,L,L,USA,28,SP,AL,East,37.76391982182636
Paul Sewald,DET,AL Central,R,R,USA,35,RP,AL,Central,58.91462509279881
Paul Blackburn,NYM,NL East,R,R,USA,31,SP,NL,East,44.13066072754269
Graham Pauley,MIA,NL East,L,R,USA,24,3B,NL,East,66.67409057164073
Paul Skenes,PIT,NL Central,R,R,USA,23,SP,NL,Central,50.282108389012635
Pavin Smith,AZ,NL West,L,L,USA,29,1B,NL,West,60.06236080178177
Paxton Schultz,TOR,AL East,L,R,USA,27,RP,AL,East,34.341499628804776
Zach Penrod,LAD,NL West,L,L,USA,28,SP,NL,West,37.556050482553864
Ryan Pepiot,TB,AL East,R,R,USA,27,SP,AL,East,33.32442464736454
Wandy Peralta,SD,NL West,L,L,DOM,34,RP,NL,West,82.10541945063105
Blake Perkins,MIL,NL Central,S,R,USA,28,CF,NL,Central,71.00519673348187
Wenceel Pérez,DET,AL Central,S,R,DOM,25,RF,AL,Central,95.2115812917595
Jack Perkins,ATH,AL West,R,R,USA,25,RP,AL,West,32.04751299183369
Luis Perales,BOS,AL East,R,R,VEN,22,SP,AL,East,89.63325909428367
Tommy Pham,PIT,NL Central,R,R,USA,37,LF,NL,Central,110.47216035634746
Tyler Phillips,MIA,NL East,R,R,USA,27,RP,NL,East,30.871566443949497
Pierce Johnson,ATL,NL East,R,R,USA,34,RP,NL,East,54.99925760950263
Robinson Piña,TOR,AL East,R,R,DOM,26,RP,AL,East,42.813659985152206
PJ Poulin,DET,AL Central,R,L,USA,29,SP,AL,Central,37.11804008908686
Yohel Pozo,STL,NL Central,R,R,VEN,28,C,NL,Central,74.37416481069043
Ryan Pressly,CHC,NL Central,R,R,USA,36,RP,NL,Central,62.582034149962865
Quinn Priester,MIL,NL Central,R,R,USA,24,SP,NL,Central,41.83815887156647
A.J. Puk,AZ,NL West,L,L,USA,30,RP,NL,West,40.40237564959171
Jose Quintana,MIL,NL Central,R,L,COL,36,SP,NL,Central,114.74387527839646
José Quijada,LAA,AL West,L,L,VEN,29,RP,AL,West,54.08463251670384
Carson Ragsdale,SF,NL West,R,R,USA,27,SP,NL,West,33.561989606533054
Cal Raleigh,SEA,AL West,S,R,USA,28,C,AL,West,69.21306607275426
Brooks Raley,NYM,NL East,L,L,USA,37,RP,NL,East,72.45731254639949
Ranger Suárez,PHI,NL East,L,L,VEN,29,SP,NL,East,60.384558277654094
Randy Rodríguez,SF,NL West,R,R,DOM,25,RP,NL,West,43.69116555308094
Randy Vásquez,SD,NL West,R,R,DOM,26,SP,NL,West,46.46770601336304
Robbie Ray,SF,NL West,L,L,USA,33,SP,NL,West,58.85226429101709
Marco Raya,MIN,AL Central,R,R,USA,22,SP,AL,Central,62.41128433556051
J.T. Realmuto,PHI,NL East,R,R,USA,34,C,NL,East,85.31848552338532
Rob Refsnyder,BOS,AL East,R,R,KOR,34,RF,AL,East,145.94060876020794
Anthony Rendon,LAA,AL West,R,R,USA,35,3B,AL,West,95.04231625835195
Sean Reynolds,SD,NL West,L,R,USA,27,RP,NL,West,34.17074981440242
Rhylan Thomas,SEA,AL West,L,L,USA,25,RF,AL,West,55.909428359317026
Riley O'Brien,STL,NL Central,R,R,USA,30,RP,NL,Central,36.83593170007424
Ryan Ritter,COL,NL West,R,R,USA,24,SS,NL,West,63.367483296213805
River Ryan,LAD,NL West,R,R,USA,26,SP,NL,West,34.26132145508539
Victor Robles,SEA,AL West,R,R,DOM,28,RF,AL,West,68.51076466221231
Robert Stephenson,LAA,AL West,R,R,USA,32,RP,AL,West,45.582776540460316
Robert Suarez,SD,NL West,R,R,VEN,34,RP,NL,West,82.38307349665929
Rob Zastryzny,MIL,NL Central,R,L,CAN,33,RP,NL,Central,83.95991091314036
Will Robertson,CWS,AL Central,L,L,USA,27,LF,AL,Central,54.22123236822571
Sem Robberse,STL,NL Central,R,R,NLD,23,SP,NL,Central,84.43207126948779
Tekoah Roby,STL,NL Central,R,R,USA,23,SP,NL,Central,50.59242761692652
Yariel Rodríguez,TOR,AL East,R,R,CUB,28,RP,AL,East,53.365998515219005
Grayson Rodriguez,BAL,AL East,L,R,USA,25,SP,AL,East,38.9428359317001
Bradgley Rodriguez,SD,NL West,R,R,VEN,21,RP,NL,West,92.11432813659987
Taylor Rogers,CHC,NL Central,L,L,USA,34,RP,NL,Central,59.19673348181146
Tyler Rogers,NYM,NL East,R,R,USA,34,RP,NL,East,55.046770601336334
Jake Rogers,DET,AL Central,R,R,USA,30,C,AL,Central,55.52783964365258
Trevor Rogers,BAL,AL East,L,L,USA,27,SP,AL,East,37.03192279138831
Josh Rojas,CWS,AL Central,L,R,USA,31,3B,AL,Central,69.54714179658504
Roki Sasaki,LAD,NL West,R,R,JPN,23,SP,NL,West,83.65256124721613
Ryan Rolison,COL,NL West,R,L,USA,28,RP,NL,West,32.249443207126966
Roman Anthony,BOS,AL East,L,R,USA,21,RF,AL,East,110.7824795842614
Ronel Blanco,HOU,AL West,R,R,DOM,31,SP,AL,West,59.59465478841872
Ronny Simon,PIT,NL Central,S,R,DOM,25,2B,NL,Central,96.05939123979218
Rowdy Tellez,TEX,AL West,L,L,USA,30,1B,AL,West,62.81069042316263
Ryan O'Hearn,SD,NL West,L,L,USA,32,1B,NL,West,77.84706755753538
Ryan Thompson,AZ,NL West,R,R,USA,33,RP,NL,West,50.46028210838902
Ryan Yarbrough,NYY,AL East,R,L,USA,33,SP,AL,East,51.72086117297701
Ryan Walker,SF,NL West,R,R,USA,29,RP,NL,West,35.23682256867113
Ryan Vilade,CIN,NL Central,R,R,USA,26,RF,NL,Central,49.34966592427617
Ryan Weathers,MIA,NL East,R,L,USA,25,SP,NL,East,35.32887899034894
Ryan Zeferjahn,LAA,AL West,R,R,USA,27,RP,AL,West,30.622123236822542
Ryne Stanek,NYM,NL East,R,R,USA,34,RP,NL,East,55.046770601336334
Thomas Saggese,STL,NL Central,R,R,USA,23,2B,NL,Central,75.91388270230146
Salvador Perez,KC,AL Central,R,R,VEN,35,C,AL,Central,142.47512991833716
Samad Taylor,SEA,AL West,R,R,USA,27,RF,AL,West,48.98144023756497
Gary Sánchez,BAL,AL East,R,R,DOM,32,C,AL,East,91.55308092056426
Anthony Santander,TOR,AL East,S,R,VEN,30,RF,AL,East,116.35634743875286
Tony Santillan,CIN,NL Central,R,R,USA,28,RP,NL,Central,32.175204157386794
Winston Santos,TEX,AL West,R,R,DOM,23,SP,AL,West,67.40163325909431
Tayler Saucedo,SEA,AL West,L,L,USA,32,RP,AL,West,49.561989606533054
Josh Sborz,TEX,AL West,R,R,USA,31,SP,AL,West,43.38084632516705
Casey Schmitt,SF,NL West,R,R,USA,26,3B,NL,West,49.11061618411285
Spencer Schwellenbach,ATL,NL East,R,R,USA,25,SP,NL,East,35.22494432071271
Tanner Scott,LAD,NL West,R,L,USA,31,RP,NL,West,42.57164068299925
Victor Scott II,STL,NL Central,L,L,USA,24,CF,NL,Central,66.93689680772087
Scott Effross,NYY,AL East,R,R,USA,31,RP,AL,East,42.844840386043074
Seiya Suzuki,CHC,NL Central,R,R,JPN,30,RF,NL,Central,99.21752041573875
Anthony Seigler,MIL,NL Central,L,S,USA,26,2B,NL,Central,65.68077208611733
Marcus Semien,TEX,AL West,R,R,USA,34,2B,AL,West,86.60727542687458
Antonio Senzatela,COL,NL West,R,R,VEN,30,SP,NL,West,57.3927245731255
Shane McClanahan,TB,AL East,L,L,USA,28,SP,AL,East,37.75798069784717
Shay Whitcomb,HOU,AL West,R,R,USA,26,LF,AL,West,50.70230141054197
Shane Smith,CWS,AL Central,R,R,USA,25,SP,AL,Central,36.50779510022272
Zack Short,HOU,AL West,R,R,USA,30,3B,AL,West,57.370452858203414
Simeon Woods Richardson,MIN,AL Central,R,R,USA,24,SP,AL,Central,43.24721603563476
Josh Simpson,MIA,NL East,L,L,USA,27,RP,NL,East,33.70452858203412
Jose Siri,NYM,NL East,R,R,DOM,30,CF,NL,East,79.23830734966599
Tarik Skubal,DET,AL Central,R,L,USA,28,SP,AL,Central,34.293986636971056
Will Smith,LAD,NL West,R,R,USA,30,C,NL,West,56.85820341499631
Josh Smith,TEX,AL West,L,R,USA,27,SS,AL,West,52.61618411284334
Blake Snell,LAD,NL West,L,L,USA,32,SP,NL,West,52.065330363771345
Tyler Soderstrom,ATH,AL West,L,R,USA,23,LF,AL,West,80.50631031922796
Jorge Soler,LAA,AL West,R,R,CUB,33,RF,AL,West,131.0066815144767
Sonny Gray,STL,NL Central,R,R,USA,35,SP,NL,Central,62.41276911655532
José Soriano,LAA,AL West,R,R,DOM,26,SP,AL,West,45.266518188567225
Edmundo Sosa,PHI,NL East,R,R,PAN,29,2B,NL,East,91.67334818114331
Spencer Torkelson,DET,AL Central,R,R,USA,25,1B,AL,Central,52.25092798812176
Spencer Steer,CIN,NL Central,R,R,USA,27,1B,NL,Central,50.38455827765407
Spencer Strider,ATL,NL East,R,R,USA,26,SP,NL,East,33.89012620638458
Tyler Stephenson,CIN,NL Central,R,R,USA,28,C,NL,Central,49.835189309576855
Steven Wilson,CWS,AL Central,R,R,USA,30,RP,AL,Central,36.71417965850036
Trevor Story,BOS,AL East,R,R,USA,32,SS,AL,East,70.27319970304383
Hunter Strickland,LAA,AL West,R,R,USA,36,RP,AL,West,62.84632516703786
Wander Suero,ATL,NL East,R,R,DOM,33,RP,NL,East,68.94877505567926
Tomoyuki Sugano,BAL,AL East,R,R,JPN,35,SP,AL,East,107.89458054936892
Dansby Swanson,CHC,NL Central,R,R,USA,31,SS,NL,Central,64.78544914625091
Trey Sweeney,DET,AL Central,L,R,USA,25,SS,AL,Central,57.220489977728306
Taijuan Walker,PHI,NL East,R,R,USA,32,SP,NL,East,47.4476614699332
Fernando Tatis Jr.,SD,NL West,R,R,DOM,26,RF,NL,West,66.83593170007431
Tim Tawa,AZ,NL West,R,R,USA,26,2B,NL,West,50.32516703786194
Michael A. Taylor,CWS,AL Central,R,R,USA,34,RF,AL,Central,87.3481811432814
Taylor Ward,LAA,AL West,R,R,USA,31,LF,AL,West,66.18262806236079
Tyrone Taylor,NYM,NL East,R,R,USA,31,CF,NL,East,66.74090571640687
Taylor Walls,TB,AL East,S,R,USA,29,SS,AL,East,77.63177431328882
Taylor Trammell,HOU,AL West,L,L,USA,27,LF,AL,West,53.57238307349668
Troy Taylor,SEA,AL West,R,R,USA,23,RP,AL,West,45.177431328878995
Grant Taylor,CWS,AL Central,R,R,USA,23,RP,AL,Central,44.51670378619156
José Tena,WSH,NL East,L,R,DOM,24,3B,NL,East,89.58723088344473
Bryce Teodosio,LAA,AL West,R,L,USA,26,CF,AL,West,49.931700074239075
Terrin Vavra,BAL,AL East,L,R,USA,28,2B,AL,East,55.838158871566456
Trent Thornton,SEA,AL West,R,R,USA,31,RP,AL,West,41.67334818114331
Zack Thompson,STL,NL Central,L,L,USA,27,SP,NL,Central,36.66963622865632
Blade Tidwell,SF,NL West,R,R,USA,24,SP,NL,West,43.126948775055666
Tyler Tolbert,KC,AL Central,R,R,USA,27,2B,AL,Central,48.985894580549385
Tommy Edman,LAD,NL West,S,R,USA,30,2B,NL,West,79.07646622123247
Travis d'Arnaud,LAA,AL West,R,R,USA,36,C,AL,West,98.1766889383816
Triston Casas,BOS,AL East,L,R,USA,25,1B,AL,East,56.806236080178195
Tristan Gray,TB,AL East,L,R,USA,29,3B,AL,East,59.7817371937639
Tucupita Marcano,SD,NL West,L,R,VEN,25,SS,NL,West,85.60504825538236
Justin Turner,CHC,NL Central,R,R,USA,40,1B,NL,Central,120.3058648849295
Trea Turner,PHI,NL East,R,R,USA,32,SS,NL,East,71.73422420193019
Tyler Wade,SD,NL West,L,R,USA,30,CF,NL,West,63.47735708982927
Tyler Wells,BAL,AL East,R,R,USA,30,SP,AL,East,39.268002969562
Tyler Zuber,MIA,NL East,R,R,USA,30,RP,NL,East,37.24276169265033
Tyler Black,MIL,NL Central,L,R,CAN,25,3B,NL,Central,96.03860430586491
José Ureña,MIN,AL Central,R,R,DOM,33,RP,AL,Central,66.9383815887157
Ramón Urías,HOU,AL West,R,R,MEX,31,3B,AL,West,110.3028953229399
José Urquidy,DET,AL Central,R,R,MEX,30,SP,AL,Central,65.67186340014848
Zac Veen,COL,NL West,L,R,USA,23,RF,NL,West,80.07126948775054
Anthony Veneziano,MIA,NL East,L,L,USA,27,RP,NL,East,33.70452858203412
Will Vest,DET,AL Central,R,R,USA,30,RP,AL,Central,36.55530809205641
Victor Vodnik,COL,NL West,R,R,USA,25,RP,NL,West,32.259836674090565
Victor Mesa Jr.,MIA,NL East,L,L,CUB,23,CF,NL,East,128.2182628062361
Anthony Volpe,NYY,AL East,R,R,USA,24,SS,AL,East,62.090571640682995
Will Wagner,SD,NL West,L,R,USA,27,3B,NL,West,52.55827765404609
Will Warren,NYY,AL East,R,R,USA,26,SP,AL,East,33.358574610244986
Weston Wilson,PHI,NL East,R,R,USA,30,LF,NL,East,58.94432071269488
Zack Wheeler,PHI,NL East,L,R,USA,35,SP,NL,East,69.12843355605051
Carson Whisenhunt,SF,NL West,L,L,USA,24,SP,NL,West,47.48626577579808
Willi Castro,CHC,NL Central,S,R,PRI,28,LF,NL,Central,117.02746844840388
Trevor Williams,WSH,NL East,R,R,USA,33,SP,NL,East,52.96510764662213
Will Wilson,CLE,AL Central,R,R,USA,27,3B,AL,Central,48.75575352635488
Josh Winckowski,BOS,AL East,R,R,USA,27,RP,AL,East,31.220489977728267
Grant Wolfram,BAL,AL East,L,L,USA,28,RP,AL,East,35.507052709725365
Jake Woodford,AZ,NL West,R,R,USA,28,RP,NL,West,32.286562731997044
Yoshinobu Yamamoto,LAD,NL West,R,R,JPN,26,SP,NL,West,58.317743132887905
Christian Yelich,MIL,NL Central,L,R,USA,33,LF,NL,Central,85.42390497401638
Yerry De los Santos,NYY,AL East,R,R,DOM,27,RP,AL,East,42.99183370452861
Yoán Moncada,LAA,AL West,S,R,CUB,30,3B,AL,West,132.00000000000009
Yohan Ramírez,PIT,NL Central,R,R,DOM,30,RP,NL,Central,51.201187824795866
Yosver Zulueta,CIN,NL Central,R,R,CUB,27,RP,NL,Central,51.08240534521161
Josh Walker,PHI,NL East,L,L,USA,30,RP,NL,East,40.37119524870082
Ryan Noda,BAL,AL East,L,L,USA,29,1B,AL,East,62.39049740163332
Adrian Morejon,SD,NL West,L,L,CUB,26,RP,NL,West,56.48106904231632
Jose Trevino,CIN,NL Central,R,R,USA,32,C,NL,Central,67.97030438010394
Steven Kwan,CLE,AL Central,L,L,USA,27,LF,AL,Central,54.31625835189313
Blake Treinen,LAD,NL West,R,R,USA,37,RP,NL,West,67.29918337045285
Ian Hamilton,NYY,AL East,R,R,USA,30,RP,AL,East,37.94060876020789
Adrian Del Castillo,AZ,NL West,L,R,USA,25,C,NL,West,54.39346696362293
Josiah Gray,WSH,NL East,R,R,USA,27,SP,NL,East,33.247216035634736
Andrew McCutchen,PIT,NL Central,R,R,USA,38,RF,NL,Central,115.06458797327394
Jake Burger,TEX,AL West,R,R,USA,29,1B,AL,West,54.35486265775799
Blake Walston,AZ,NL West,L,L,USA,24,SP,NL,West,47.42242019302155
Jake McCarthy,AZ,NL West,L,L,USA,28,CF,NL,West,55.31700074239051
Grant McCray,SF,NL West,L,R,USA,24,CF,NL,West,68.06087602078696
