Name,Team,Division,Bats,Throws,Born,Age,Position,League,Div
Aaron Judge,NYY,AL East,R,R,USA,33,RF,AL,East
Aaron Bummer,ATL,NL East,L,L,USA,31,RP,NL,East
Aaron Nola,PHI,NL East,R,R,USA,32,SP,NL,East
Aaron Civale,CWS,AL Central,R,R,USA,30,SP,AL,Central
Aaron Ashby,MIL,NL Central,R,L,USA,27,RP,NL,Central
Andrew Abbott,CIN,NL Central,L,L,USA,26,SP,NL,Central
Mick Abel,MIN,AL Central,R,R,USA,23,SP,AL,Central
Abner Uribe,MIL,NL Central,R,R,DOM,25,RP,NL,Central
CJ Abrams,WSH,NL East,L,R,USA,24,SS,NL,East
Abraham Toro,BOS,AL East,S,R,CAN,28,1B,AL,East
Bryan Abreu,HOU,AL West,R,R,DOM,28,RP,AL,West
Wilyer Abreu,BOS,AL East,L,L,VEN,26,RF,AL,East
Maximo Acosta,MIA,NL East,R,R,VEN,22,SS,NL,East
Ronald Acuña Jr.,ATL,NL East,R,R,VEN,27,RF,NL,East
Luisangel Acuña,NYM,NL East,R,R,VEN,23,2B,NL,East
Adam Frazier,KC,AL Central,L,R,USA,33,2B,AL,Central
Willy Adames,SF,NL West,R,R,DOM,29,SS,NL,West
Jason Adam,SD,NL West,R,R,USA,33,RP,NL,West
Riley Adams,WSH,NL East,R,R,USA,29,C,NL,East
Jordyn Adams,BAL,AL East,R,R,USA,25,CF,AL,East
Adael Amador,COL,NL West,S,R,DOM,22,2B,NL,West
Adam Mazur,MIA,NL East,R,R,USA,24,SP,NL,East
Travis Adams,MIN,AL Central,R,R,USA,25,RP,AL,Central
Adam Macko,TOR,AL East,L,L,Slovakia,24,SP,AL,East
Ty Adcock,NYM,NL East,R,R,USA,28,RP,NL,East
Addison Barger,TOR,AL East,L,R,USA,25,3B,AL,East
Jo Adell,LAA,AL West,R,R,USA,26,CF,AL,West
Adley Rutschman,BAL,AL East,S,R,USA,27,C,AL,East
Adolis García,TEX,AL West,R,R,CUB,32,RF,AL,West
Zach Agnos,COL,NL West,R,R,USA,24,RP,NL,West
Agustín Ramírez,MIA,NL East,R,R,DOM,23,C,NL,East
Julian Aguiar,CIN,NL Central,L,R,USA,24,SP,NL,Central
AJ Blubaugh,HOU,AL West,R,R,USA,25,SP,AL,West
AJ Smith-Shawver,ATL,NL East,R,R,USA,22,SP,NL,East
Keegan Akin,BAL,AL East,L,L,USA,30,RP,AL,East
Alan Roden,MIN,AL Central,L,R,USA,25,LF,AL,Central
Alan Rangel,PHI,NL East,R,R,MEX,27,RP,NL,East
Ozzie Albies,ATL,NL East,S,R,CUW,28,2B,NL,East
Albert Suárez,BAL,AL East,R,R,VEN,35,RP,AL,East
Jorge Alcala,BOS,AL East,R,R,DOM,30,RP,AL,East
Sandy Alcantara,MIA,NL East,R,R,DOM,29,SP,NL,East
Kevin Alcántara,CHC,NL Central,R,R,DOM,23,RF,NL,Central
Sam Aldegheri,LAA,AL West,L,L,Italy,23,RP,AL,West
Alec Bohm,PHI,NL East,R,R,USA,28,3B,NL,East
Alejandro Kirk,TOR,AL East,R,R,MEX,26,C,AL,East
Alek Thomas,AZ,NL West,L,L,USA,25,CF,NL,West
Alec Burleson,STL,NL Central,L,L,USA,26,1B,NL,Central
Alex Call,LAD,NL West,R,R,USA,30,RF,NL,West
Alex Vesia,LAD,NL West,L,L,USA,29,RP,NL,West
Alex Cobb,DET,AL Central,R,R,USA,37,SP,AL,Central
Alex Jackson,BAL,AL East,R,R,USA,29,C,AL,East
Alexis Díaz,LAD,NL West,R,R,PRI,28,RP,NL,West
Alex Lange,DET,AL Central,R,R,USA,29,SP,AL,Central
Tyler Alexander,CWS,AL Central,R,L,USA,31,RP,AL,Central
Blaze Alexander,AZ,NL West,R,R,USA,26,SS,NL,West
Alexander Canario,PIT,NL Central,R,R,DOM,25,LF,NL,Central
Alek Manoah,TOR,AL East,R,R,USA,27,SP,AL,East
Alex Faedo,TB,AL East,R,R,USA,29,SP,AL,East
Alejandro Osuna,TEX,AL West,L,L,MEX,22,LF,AL,West
Alec Marsh,KC,AL Central,R,R,USA,27,SP,AL,Central
Alek Jacob,SD,NL West,L,R,USA,27,RP,NL,West
Jason Alexander,HOU,AL West,R,R,USA,32,SP,AL,West
Alex Freeland,LAD,NL West,S,R,USA,23,SS,NL,West
Franco Aleman,CLE,AL Central,R,R,CUB,25,SP,AL,Central
Alex Carrillo,NYM,NL East,R,R,USA,28,RP,NL,East
Ali Sánchez,TOR,AL East,R,R,VEN,28,C,AL,East
Nick Allen,ATL,NL East,R,R,USA,26,SS,NL,East
Kolby Allard,CLE,AL Central,L,L,USA,27,RP,AL,Central
Logan Allen,CLE,AL Central,R,L,USA,26,SP,AL,Central
Allan Winans,NYY,AL East,R,R,USA,29,RP,AL,East
Pete Alonso,NYM,NL East,R,R,USA,30,1B,NL,East
Jose Altuve,HOU,AL West,R,R,VEN,35,LF,AL,West
Dan Altavilla,CWS,AL Central,R,R,USA,32,RP,AL,Central
Yordan Alvarez,HOU,AL West,L,R,CUB,28,LF,AL,West
José Alvarado,PHI,NL East,L,L,VEN,30,RP,NL,East
Francisco Alvarez,NYM,NL East,R,R,VEN,23,C,NL,East
Nacho Alvarez Jr.,ATL,NL East,R,R,USA,22,SS,NL,East
Elvis Alvarado,ATH,AL West,R,R,DOM,26,RP,AL,West
Miguel Amaya,CHC,NL Central,R,R,PAN,26,C,NL,Central
Amed Rosario,NYY,AL East,R,R,DOM,29,3B,AL,East
Andrew Benintendi,CWS,AL Central,L,L,USA,31,LF,AL,Central
Andrés Giménez,TOR,AL East,L,R,VEN,26,2B,AL,East
Andrew Vaughn,MIL,NL Central,R,R,USA,27,1B,NL,Central
Andrew Chafin,LAA,AL West,R,L,USA,35,RP,AL,West
Miguel Andujar,CIN,NL Central,R,R,DOM,30,LF,NL,Central
Andy Ibáñez,DET,AL Central,R,R,CUB,32,3B,AL,Central
Andrew Knizner,SF,NL West,R,R,USA,30,C,NL,West
Andrew Kittredge,CHC,NL Central,R,R,USA,35,RP,NL,Central
Andy Pages,LAD,NL West,R,R,CUB,24,CF,NL,West
Tyler Anderson,LAA,AL West,L,L,USA,35,SP,AL,West
Andrew Heaney,PIT,NL Central,L,L,USA,34,SP,NL,Central
Andrés Muñoz,SEA,AL West,R,R,MEX,26,RP,AL,West
Andruw Monasterio,MIL,NL Central,R,R,VEN,28,SS,NL,Central
Nick Anderson,COL,NL West,R,R,USA,35,RP,NL,West
Andre Pallante,STL,NL Central,R,R,USA,26,SP,NL,Central
Andrew Nardi,MIA,NL East,L,L,USA,26,SP,NL,East
Grant Anderson,MIL,NL Central,R,R,USA,28,RP,NL,Central
Andrés Chaparro,WSH,NL East,R,R,VEN,26,1B,NL,East
Andrew Saalfrank,AZ,NL West,L,L,USA,27,RP,NL,West
Andrew Walters,CLE,AL Central,R,R,USA,24,RP,AL,Central
Andre Granillo,STL,NL Central,R,R,USA,25,RP,NL,Central
Angel Martínez,CLE,AL Central,S,R,DOM,23,CF,AL,Central
Angel Zerpa,KC,AL Central,L,L,VEN,25,RP,AL,Central
Angel Chivilli,COL,NL West,R,R,DOM,23,RP,NL,West
Angel Bastardo,TOR,AL East,R,R,VEN,23,SP,AL,East
Jonathan Aranda,TB,AL East,L,R,MEX,27,1B,AL,East
Orlando Arcia,COL,NL West,R,R,VEN,30,SS,NL,West
Nolan Arenado,STL,NL Central,R,R,USA,34,3B,NL,Central
Gabriel Arias,CLE,AL Central,R,R,VEN,25,SS,AL,Central
Michael Arias,NYY,AL East,R,R,DOM,23,SP,AL,East
Shawn Armstrong,TEX,AL West,R,R,USA,34,RP,AL,West
Aroldis Chapman,BOS,AL East,L,L,CUB,37,RP,AL,East
Randy Arozarena,SEA,AL West,R,R,CUB,30,LF,AL,West
Luis Arraez,SD,NL West,L,R,VEN,28,1B,NL,West
Spencer Arrighetti,HOU,AL West,R,R,USA,25,SP,AL,West
Graham Ashcraft,CIN,NL Central,L,R,USA,27,RP,NL,Central
Braxton Ashcraft,PIT,NL Central,L,R,USA,25,RP,NL,Central
Javier Assad,CHC,NL Central,R,R,MEX,28,SP,NL,Central
Austin Riley,ATL,NL East,R,R,USA,28,3B,NL,East
Austin Slater,NYY,AL East,R,R,USA,32,LF,AL,East
Austin Hays,CIN,NL Central,R,R,USA,30,LF,NL,Central
Austin Nola,COL,NL West,R,R,USA,35,C,NL,West
Austin Wynns,ATH,AL West,R,R,USA,34,C,AL,West
Austin Wells,NYY,AL East,L,R,USA,26,C,AL,East
Austin Gomber,COL,NL West,L,L,USA,31,SP,NL,West
Austin Martin,MIN,AL Central,R,R,USA,26,CF,AL,Central
Austin Warren,NYM,NL East,R,R,USA,29,RP,NL,East
Austin Cox,ATL,NL East,L,L,USA,28,RP,NL,East
Luinder Avila,KC,AL Central,R,R,VEN,23,SP,AL,Central
Lake Bachar,MIA,NL East,R,R,USA,30,RP,NL,East
Sam Bachman,LAA,AL West,R,R,USA,25,RP,AL,West
Kyle Backhus,AZ,NL West,L,L,USA,27,RP,NL,West
Harrison Bader,PHI,NL East,R,R,USA,31,LF,NL,East
Javier Báez,DET,AL Central,R,R,PRI,32,CF,AL,Central
Ji Hwan Bae,PIT,NL Central,L,R,KOR,26,CF,NL,Central
Henry Baez,ATH,AL West,R,R,DOM,22,SP,AL,West
Patrick Bailey,SF,NL West,S,R,USA,26,C,NL,West
Bailey Falter,KC,AL Central,R,L,USA,28,SP,AL,Central
Bailey Ober,MIN,AL Central,R,R,USA,30,SP,AL,Central
Bailey Horn,DET,AL Central,L,L,USA,27,RP,AL,Central
Bryan Baker,TB,AL East,R,R,USA,30,RP,AL,East
Luken Baker,STL,NL Central,R,R,USA,28,1B,NL,Central
Darren Baker,WSH,NL East,L,R,USA,26,2B,NL,East
Drake Baldwin,ATL,NL East,L,R,USA,24,C,NL,East
Brooks Baldwin,CWS,AL Central,S,R,USA,24,LF,AL,Central
Moisés Ballesteros,CHC,NL Central,L,R,VEN,21,C,NL,Central
Anthony Banda,LAD,NL West,L,L,USA,31,RP,NL,West
Tanner Banks,PHI,NL East,R,L,USA,33,RP,NL,East
Scott Barlow,CIN,NL Central,R,R,USA,32,RP,NL,Central
Joey Bart,PIT,NL Central,R,R,USA,28,C,NL,Central
Jorge Barrosa,AZ,NL West,S,L,VEN,24,LF,NL,West
Chris Bassitt,TOR,AL East,R,R,USA,36,SP,AL,East
Brady Basso,ATH,AL West,R,L,USA,27,SP,AL,West
Brett Baty,NYM,NL East,L,R,USA,25,3B,NL,East
Jake Bauers,MIL,NL Central,L,L,USA,29,LF,NL,Central
Félix Bautista,BAL,AL East,R,R,DOM,30,RP,AL,East
Eduard Bazardo,SEA,AL West,R,R,VEN,29,RP,AL,West
Shane Baz,TB,AL East,R,R,USA,26,SP,AL,East
Jordan Beck,COL,NL West,R,R,USA,24,LF,NL,West
Tristan Beck,SF,NL West,R,R,USA,29,RP,NL,West
David Bednar,NYY,AL East,L,R,USA,30,RP,AL,East
Jalen Beeks,AZ,NL West,L,L,USA,32,RP,NL,West
Clayton Beeter,WSH,NL East,R,R,USA,26,RP,NL,East
Josh Bell,WSH,NL East,S,R,USA,32,1B,NL,East
Cody Bellinger,NYY,AL East,L,L,USA,30,LF,AL,East
Brayan Bello,BOS,AL East,R,R,DOM,26,SP,AL,East
Valente Bellozo,MIA,NL East,R,R,MEX,25,RP,NL,East
Will Benson,CIN,NL Central,L,L,USA,27,LF,NL,Central
Anthony Bender,MIA,NL East,R,R,USA,30,RP,NL,East
Ben Rice,NYY,AL East,L,R,USA,26,1B,AL,East
Ben Lively,CLE,AL Central,R,R,USA,33,SP,AL,Central
Bennett Sousa,HOU,AL West,L,L,USA,30,RP,AL,West
Ben Williamson,SEA,AL West,R,R,USA,24,3B,AL,West
Ben Bowden,ATH,AL West,L,L,USA,30,RP,AL,West
Ben Joyce,LAA,AL West,R,R,USA,24,RP,AL,West
Ben Casparius,LAD,NL West,R,R,USA,26,RP,NL,West
Ben Brown,CHC,NL Central,R,R,USA,25,SP,NL,Central
Ben Cowles,CHC,NL Central,R,R,USA,25,3B,NL,Central
Sam Benschoter,CIN,NL Central,R,R,USA,27,SP,NL,Central
Jon Berti,CHC,NL Central,R,R,USA,35,3B,NL,Central
José Berríos,TOR,AL East,R,R,PRI,31,SP,AL,East
Brennan Bernardino,BOS,AL East,L,L,USA,33,RP,AL,East
Steward Berroa,MIL,NL Central,S,R,DOM,26,RF,NL,Central
Prelander Berroa,CWS,AL Central,R,R,DOM,25,SP,AL,Central
Warming Bernabel,COL,NL West,R,R,DOM,23,SS,NL,West
Ryan Bergert,KC,AL Central,R,R,USA,25,SP,AL,Central
Mookie Betts,LAD,NL West,R,R,USA,32,SS,NL,West
Tanner Bibee,CLE,AL Central,R,R,USA,26,SP,AL,Central
Bo Bichette,TOR,AL East,R,R,USA,27,SS,AL,East
Osvaldo Bido,ATH,AL West,R,R,DOM,29,SP,AL,West
Shane Bieber,TOR,AL East,R,R,USA,30,SP,AL,East
Hunter Bigge,TB,AL East,R,R,USA,27,RP,AL,East
Billy Cook,PIT,NL Central,R,R,USA,26,CF,NL,Central
Jake Bird,NYY,AL East,R,R,USA,29,RP,AL,East
Hayden Birdsong,SF,NL West,R,R,USA,23,RP,NL,West
Spencer Bivens,SF,NL West,R,R,USA,31,RP,NL,West
JJ Bleday,ATH,AL West,L,L,USA,27,CF,AL,West
Scott Blewett,BAL,AL East,R,R,USA,29,RP,AL,East
Ryan Bliss,SEA,AL West,R,R,USA,25,2B,AL,West
Jake Bloss,TOR,AL East,R,R,USA,24,SP,AL,East
Bobby Witt Jr.,KC,AL Central,R,R,USA,25,SS,AL,Central
Bobby Miller,LAD,NL West,L,R,USA,26,SP,NL,West
Xander Bogaerts,SD,NL West,R,R,ABW,32,SS,NL,West
Bo Naylor,CLE,AL Central,L,R,CAN,25,C,AL,Central
Cam Booser,CWS,AL Central,L,L,USA,33,RP,AL,Central
Ryan Borucki,PIT,NL Central,L,L,USA,31,RP,NL,Central
Sean Bouchard,COL,NL West,R,R,USA,29,RF,NL,West
Caleb Boushley,TEX,AL West,R,R,USA,31,RP,AL,West
Bowden Francis,TOR,AL East,R,R,USA,29,SP,AL,East
Jonathan Bowlan,KC,AL Central,R,R,USA,28,RP,AL,Central
Matthew Boyd,CHC,NL Central,L,L,USA,34,SP,NL,Central
Joe Boyle,TB,AL East,R,R,USA,25,SP,AL,East
Brandon Lowe,TB,AL East,L,R,USA,31,2B,AL,East
Brandon Marsh,PHI,NL East,L,R,USA,27,CF,NL,East
Ryan Brasier,CHC,NL Central,R,R,USA,37,RP,NL,Central
Brayan Rocchio,CLE,AL Central,S,R,VEN,24,SS,AL,Central
Brad Keller,CHC,NL Central,R,R,USA,30,RP,NL,Central
Huascar Brazobán,NYM,NL East,R,R,DOM,35,RP,NL,East
Brady Singer,CIN,NL Central,R,R,USA,28,SP,NL,Central
Brandon Woodruff,MIL,NL Central,L,R,USA,32,SP,NL,Central
Matt Brash,SEA,AL West,R,R,CAN,27,RP,AL,West
Brandon Lockridge,MIL,NL Central,R,R,USA,28,LF,NL,Central
Braden Shewmake,NYY,AL East,L,R,USA,27,SS,AL,East
Brandon Pfaadt,AZ,NL West,R,R,USA,26,SP,NL,West
Taj Bradley,MIN,AL Central,R,R,USA,24,SP,AL,Central
Braxton Garrett,MIA,NL East,R,L,USA,27,SP,NL,East
Brady House,WSH,NL East,R,R,USA,22,3B,NL,East
Brandon Eisert,CWS,AL Central,L,L,USA,27,RP,AL,Central
Kyle Bradish,BAL,AL East,R,R,USA,28,SP,AL,East
Brant Hurter,DET,AL Central,L,L,USA,26,RP,AL,Central
Cody Bradford,TEX,AL West,L,L,USA,27,SP,AL,West
Braxton Fulford,COL,NL West,R,R,USA,26,C,NL,West
Brad Lord,WSH,NL East,R,R,USA,25,SP,NL,East
Brandon Waddell,NYM,NL East,L,L,USA,31,RP,NL,East
Brandon Williamson,CIN,NL Central,R,L,USA,27,SP,NL,Central
Braydon Fisher,TOR,AL East,R,R,USA,25,RP,AL,East
Brandon Walter,HOU,AL West,L,L,USA,28,SP,AL,West
Bradley Blalock,COL,NL West,R,R,USA,24,SP,NL,West
Brandyn Garcia,AZ,NL West,L,L,USA,25,RP,NL,West
Brandon Young,BAL,AL East,R,R,USA,26,SP,AL,East
Brendan Rodgers,HOU,AL West,R,R,USA,28,2B,AL,West
Brent Rooker,ATH,AL West,R,R,USA,30,RF,AL,West
Brendan Donovan,STL,NL Central,L,R,GER,28,2B,NL,Central
Brenton Doyle,COL,NL West,R,R,USA,27,CF,NL,West
Brent Suter,CIN,NL Central,L,L,USA,35,RP,NL,Central
Will Brennan,CLE,AL Central,L,L,USA,27,RF,AL,Central
Brett Wisely,SF,NL West,L,R,USA,26,2B,NL,West
Brendon Little,TOR,AL East,L,L,USA,28,RP,AL,East
Brenan Hanifee,DET,AL Central,R,R,USA,27,RP,AL,Central
Brett de Geus,PHI,NL East,R,R,USA,27,RP,NL,East
Brewer Hicklen,PHI,NL East,R,R,USA,29,CF,NL,East
Brett Harris,ATH,AL West,R,R,USA,27,3B,AL,West
Brent Headrick,NYY,AL East,L,L,USA,27,RP,AL,East
Brice Turang,MIL,NL Central,L,R,USA,25,2B,NL,Central
Beau Brieske,DET,AL Central,R,R,USA,27,RP,AL,Central
Jeff Brigham,AZ,NL West,R,R,USA,33,RP,NL,West
Jhony Brito,SD,NL West,R,R,DOM,27,SP,NL,West
Juan Brito,CLE,AL Central,S,R,DOM,23,SS,AL,Central
Brice Matthews,HOU,AL West,R,R,USA,23,SS,AL,West
Brian Van Belle,TB,AL East,R,R,USA,28,SP,AL,East
Brock Burke,LAA,AL West,L,L,USA,28,RP,AL,West
Connor Brogdon,LAA,AL West,R,R,USA,30,RP,AL,West
Brooks Lee,MIN,AL Central,S,R,USA,24,3B,AL,Central
Brock Stewart,LAD,NL West,L,R,USA,33,RP,NL,West
Hunter Brown,HOU,AL West,R,R,USA,26,SP,AL,West
Trenton Brooks,SD,NL West,L,L,USA,30,LF,NL,West
Brooks Kriske,CHC,NL Central,R,R,USA,31,RP,NL,Central
Vidal Bruján,CHC,NL Central,S,R,DOM,27,3B,NL,Central
Brusdar Graterol,LAD,NL West,R,R,VEN,26,SP,NL,West
Justin Bruihl,TOR,AL East,L,L,USA,28,RP,AL,East
JT Brubaker,NYY,AL East,R,R,USA,31,RP,AL,East
Kris Bryant,COL,NL West,R,R,USA,33,DH,NL,West
Bryan Reynolds,PIT,NL Central,S,R,USA,30,RF,NL,Central
Bryson Stott,PHI,NL East,L,R,USA,27,2B,NL,East
Bryan De La Cruz,NYY,AL East,R,R,DOM,28,LF,AL,East
Bryce Johnson,SD,NL West,S,R,USA,29,CF,NL,West
Bryan Hoeing,SD,NL West,R,R,USA,28,RP,NL,West
Bryan King,HOU,AL West,R,L,USA,28,RP,AL,West
Bryce Elder,ATL,NL East,R,R,USA,26,SP,NL,East
Bryce Jarvis,AZ,NL West,L,R,USA,27,RP,NL,West
Bryan Hudson,MIL,NL Central,L,L,USA,28,RP,NL,Central
Bryce Miller,SEA,AL West,R,R,USA,26,SP,AL,West
Bryan Woo,SEA,AL West,R,R,USA,25,SP,AL,West
Bryan Ramos,CWS,AL Central,R,R,CUB,23,3B,AL,Central
Zach Brzykcy,WSH,NL East,R,R,USA,26,RP,NL,East
Kris Bubic,KC,AL Central,L,L,USA,27,SP,AL,Central
Walker Buehler,BOS,AL East,R,R,USA,31,SP,AL,East
Corbin Burnes,AZ,NL West,R,R,USA,30,SP,NL,West
Ryan Burr,TOR,AL East,R,R,USA,31,RP,AL,East
Nick Burdi,BOS,AL East,R,R,USA,32,RP,AL,East
Sean Burke,CWS,AL Central,R,R,USA,25,SP,AL,Central
Mike Burrows,PIT,NL Central,R,R,USA,25,SP,NL,Central
Juan Burgos,AZ,NL West,R,R,DOM,25,RP,NL,West
Chase Burns,CIN,NL Central,R,R,Italy,22,SP,NL,Central
Michael Busch,CHC,NL Central,L,R,USA,27,1B,NL,Central
Ky Bush,CWS,AL Central,L,L,USA,25,SP,AL,Central
Lawrence Butler,ATH,AL West,L,R,USA,25,RF,AL,West
José Buttó,SF,NL West,R,R,VEN,27,RP,NL,West
Byron Buxton,MIN,AL Central,R,R,USA,31,CF,AL,Central
Oswaldo Cabrera,NYY,AL East,S,R,VEN,26,3B,AL,East
José Caballero,NYY,AL East,R,R,PAN,28,SS,AL,East
Génesis Cabrera,PIT,NL Central,L,L,DOM,28,RP,NL,Central
Edward Cabrera,MIA,NL East,R,R,DOM,27,SP,NL,East
Jean Cabrera,PHI,NL East,R,R,VEN,23,SP,NL,East
Cade Smith,CLE,AL Central,R,R,CAN,26,RP,AL,Central
Cade Povich,BAL,AL East,L,L,USA,25,SP,AL,East
Cade Gibson,MIA,NL East,L,L,USA,27,RP,NL,East
Cade Horton,CHC,NL Central,R,R,USA,23,SP,NL,Central
Caden Dana,LAA,AL West,L,R,USA,21,RP,AL,West
Cade Cavalli,WSH,NL East,R,R,USA,26,SP,NL,East
Jac Caglianone,KC,AL Central,L,L,USA,22,RF,AL,Central
Owen Caissie,CHC,NL Central,L,R,CAN,23,RF,NL,Central
Caleb Thielbar,CHC,NL Central,R,L,USA,38,RP,NL,Central
Caleb Ferguson,SEA,AL West,R,L,USA,29,RP,AL,West
Cal Quantrill,MIA,NL East,L,R,CAN,30,SP,NL,East
Calvin Faucher,MIA,NL East,R,R,USA,29,RP,NL,East
Caleb Durbin,MIL,NL Central,R,R,USA,25,3B,NL,Central
Cal Stevenson,PHI,NL East,L,L,USA,28,CF,NL,East
Tyler Callihan,CIN,NL Central,L,R,USA,25,LF,NL,Central
Luis Campusano,SD,NL West,R,R,USA,26,C,NL,West
Junior Caminero,TB,AL East,R,R,DOM,22,3B,AL,East
Cam Smith,HOU,AL West,R,R,USA,22,RF,AL,West
Kristian Campbell,BOS,AL East,R,R,USA,23,2B,AL,East
Isaiah Campbell,BOS,AL East,R,R,PRT,27,RP,AL,East
Gustavo Campero,LAA,AL West,S,R,COL,27,RF,AL,West
Cam Devanney,PIT,NL Central,R,R,USA,28,SS,NL,Central
Noah Cameron,KC,AL Central,L,L,USA,26,SP,AL,Central
Cam Schlittler,NYY,AL East,R,R,USA,24,SP,AL,East
Mark Canha,KC,AL Central,R,R,USA,36,LF,AL,Central
Dominic Canzone,SEA,AL West,L,R,USA,27,RF,AL,West
Yennier Cano,BAL,AL East,R,R,CUB,31,RP,AL,East
Griffin Canning,NYM,NL East,R,R,USA,29,SP,NL,East
Joey Cantillo,CLE,AL Central,L,L,USA,25,SP,AL,Central
Jonathan Cannon,CWS,AL Central,R,R,USA,25,SP,AL,Central
Carlos Correa,HOU,AL West,R,R,PRI,30,SS,AL,West
Victor Caratini,HOU,AL West,S,R,PRI,31,C,AL,West
Carson Kelly,CHC,NL Central,R,R,USA,31,C,NL,Central
Dylan Carlson,BAL,AL East,S,L,USA,26,LF,AL,East
Carlos Estévez,KC,AL Central,R,R,DOM,32,RP,AL,Central
Corbin Carroll,AZ,NL West,L,L,USA,24,RF,NL,West
Carlos Carrasco,ATL,NL East,R,R,VEN,38,SP,NL,East
Kerry Carpenter,DET,AL Central,L,R,USA,27,RF,AL,Central
Carlos Rodón,NYY,AL East,L,L,USA,32,SP,AL,East
Carlos Hernández,CLE,AL Central,R,R,VEN,28,RP,AL,Central
Evan Carter,TEX,AL West,L,R,USA,22,CF,AL,West
Carson Fulmer,LAA,AL West,R,R,USA,31,RP,AL,West
Carlos Narváez,BOS,AL East,R,R,VEN,26,C,AL,East
Carmen Mlodzinski,PIT,NL Central,R,R,USA,26,RP,NL,Central
Carlos Vargas,SEA,AL West,R,R,DOM,25,RP,AL,West
Carlos Cortes,ATH,AL West,L,S,USA,28,LF,AL,West
Carson Spiers,CIN,NL Central,R,R,USA,27,SP,NL,Central
Carlos Rodríguez,ATL,NL East,L,L,VEN,24,RF,NL,East
Carson McCusker,MIN,AL Central,R,R,USA,27,RF,AL,Central
Carson Palmquist,COL,NL West,L,L,USA,24,SP,NL,West
Carson Seymour,SF,NL West,R,R,USA,26,RP,NL,West
Carlos Rodriguez,MIL,NL Central,R,R,NIC,23,RP,NL,Central
Dylan Cease,SD,NL West,R,R,USA,29,SP,NL,West
Slade Cecconi,CLE,AL Central,R,R,USA,26,SP,AL,Central
Cedric Mullins,NYM,NL East,L,L,USA,30,CF,NL,East
Ceddanne Rafaela,BOS,AL East,R,R,CUW,24,CF,AL,East
Eric Cerantola,KC,AL Central,R,R,CAN,25,SP,AL,Central
César Salazar,HOU,AL West,L,R,MEX,29,C,AL,West
Chas McCormick,HOU,AL West,R,L,USA,30,LF,AL,West
Charlie Morton,DET,AL Central,R,R,USA,41,SP,AL,Central
Chad Green,TOR,AL East,L,R,USA,34,RP,AL,East
Chase Meidroth,CWS,AL Central,R,R,USA,24,SS,AL,Central
Chandler Simpson,TB,AL East,L,R,USA,24,CF,AL,East
Chase Shugart,PIT,NL Central,L,R,USA,28,RP,NL,Central
Chase Lee,DET,AL Central,R,R,USA,26,RP,AL,Central
Chase Silseth,LAA,AL West,R,R,USA,25,SP,AL,West
Chad Patrick,MIL,NL Central,R,R,USA,26,SP,NL,Central
Chad Stevens,LAA,AL West,R,R,USA,26,SS,AL,West
Chase Dollander,COL,NL West,R,R,USA,23,SP,NL,West
Chase Petty,CIN,NL Central,R,R,USA,22,SP,NL,Central
Chayce McDermott,BAL,AL East,L,R,USA,26,SP,AL,East
Tsung-Che Cheng,PIT,NL Central,L,R,TWN,24,SS,NL,Central
Jazz Chisholm Jr.,NYY,AL East,L,R,BHS,27,2B,AL,East
Jackson Chourio,MIL,NL Central,R,R,VEN,21,CF,NL,Central
Chris Taylor,LAA,AL West,R,R,USA,34,CF,AL,West
Christian Vázquez,MIN,AL Central,R,R,PRI,34,C,AL,Central
Christian Walker,HOU,AL West,R,R,USA,34,1B,AL,West
Christopher Morel,TB,AL East,R,R,DOM,26,LF,AL,East
Chris Martin,TEX,AL West,R,R,USA,39,RP,AL,West
Chris Sale,ATL,NL East,L,L,USA,36,SP,NL,East
Chris Devenski,NYM,NL East,R,R,USA,34,RP,NL,East
Chris Flexen,CHC,NL Central,R,R,USA,31,RP,NL,Central
Christian Encarnacion-Strand,CIN,NL Central,R,R,USA,25,1B,NL,Central
Chris Paddack,DET,AL Central,R,R,USA,29,SP,AL,Central
Christian Koss,SF,NL West,R,R,USA,27,2B,NL,West
Chris Roycroft,STL,NL Central,R,R,USA,28,RP,NL,Central
Christian Moore,LAA,AL West,R,R,USA,22,2B,AL,West
Chris Murphy,BOS,AL East,L,L,USA,27,RP,AL,East
Christian Montes De Oca,AZ,NL West,R,R,DOM,25,RP,NL,West
Christian Scott,NYM,NL East,R,R,USA,26,SP,NL,East
Marc Church,TEX,AL West,R,R,USA,24,RP,AL,West
Clayton Kershaw,LAD,NL West,L,L,USA,37,SP,NL,West
Emmanuel Clase,CLE,AL Central,R,R,DOM,27,RP,AL,Central
Clay Holmes,NYM,NL East,R,R,USA,32,SP,NL,East
Taylor Clarke,KC,AL Central,R,R,USA,32,RP,AL,Central
Clarke Schmidt,NYY,AL East,R,R,USA,29,SP,AL,East
Jonatan Clase,TOR,AL East,S,R,DOM,23,LF,AL,East
Denzel Clarke,ATH,AL West,R,R,CAN,25,CF,AL,West
Ernie Clement,TOR,AL East,R,R,USA,29,3B,AL,East
Kody Clemens,MIN,AL Central,L,R,USA,29,2B,AL,Central
Garrett Cleavinger,TB,AL East,R,L,USA,31,RP,AL,East
Coby Mayo,BAL,AL East,R,R,USA,23,1B,AL,East
Codi Heuer,DET,AL Central,R,R,USA,29,RP,AL,Central
Cody Poteet,BAL,AL East,R,R,USA,31,RP,AL,East
Cody Freeman,TEX,AL West,R,R,USA,24,3B,AL,West
Colt Keith,DET,AL Central,L,R,USA,23,2B,AL,Central
Colton Cowser,BAL,AL East,L,R,USA,25,LF,AL,East
Cole Sulser,TB,AL East,R,R,USA,35,RP,AL,East
Colin Holderman,PIT,NL Central,R,R,USA,29,RP,NL,Central
Collin Snider,SEA,AL West,R,R,USA,29,RP,AL,West
Cole Sands,MIN,AL Central,R,R,USA,28,RP,AL,Central
Colin Rea,CHC,NL Central,R,R,USA,35,SP,NL,Central
Isaac Collins,MIL,NL Central,S,R,USA,28,LF,NL,Central
Cole Ragans,KC,AL Central,L,L,USA,27,SP,AL,Central
Cole Young,SEA,AL West,L,R,USA,22,2B,AL,West
Cole Henry,WSH,NL East,R,R,USA,26,RP,NL,East
Colin Selby,BAL,AL East,R,R,USA,27,RP,AL,East
Colson Montgomery,CWS,AL Central,L,R,USA,23,SS,AL,Central
Cole Winn,TEX,AL West,R,R,USA,25,RP,AL,West
Colby Thomas,ATH,AL West,R,R,USA,24,RF,AL,West
Colton Gordon,HOU,AL West,L,L,USA,26,SP,AL,West
Willson Contreras,STL,NL Central,R,R,VEN,33,1B,NL,Central
William Contreras,MIL,NL Central,R,R,VEN,27,C,NL,Central
Connor Joe,CIN,NL Central,R,R,USA,32,RF,NL,Central
Connor Wong,BOS,AL East,R,R,USA,29,C,AL,East
Connor Norby,MIA,NL East,R,R,USA,25,3B,NL,East
Griffin Conine,MIA,NL East,L,R,USA,28,LF,NL,East
Connor Seabold,TB,AL East,R,R,USA,29,RP,AL,East
Connor Kaiser,AZ,NL West,R,R,USA,28,SS,NL,West
Luis Contreras,HOU,AL West,R,R,VEN,29,RP,AL,West
Connor Thomas,MIL,NL Central,L,L,USA,27,RP,NL,Central
Connor Phillips,CIN,NL Central,R,R,USA,24,RP,NL,Central
Cooper Hummel,HOU,AL West,S,R,USA,30,LF,AL,West
Cooper Criswell,BOS,AL East,R,R,USA,29,RP,AL,East
Corey Seager,TEX,AL West,L,R,USA,31,SS,AL,West
Patrick Corbin,TEX,AL West,L,L,USA,36,SP,AL,West
Corey Julks,CWS,AL Central,R,R,USA,29,LF,AL,Central
Nestor Cortes,SD,NL West,R,L,CUB,30,SP,NL,West
Corbin Martin,BAL,AL East,R,R,USA,29,RP,AL,East
Kenedy Corona,HOU,AL West,R,R,VEN,25,CF,AL,West
Jose Corniell,TEX,AL West,R,R,DOM,22,SP,AL,West
Tom Cosgrove,CHC,NL Central,L,L,USA,29,RP,NL,Central
Danny Coulombe,TEX,AL West,L,L,USA,35,RP,AL,West
Jake Cousins,NYY,AL East,R,R,USA,31,SP,AL,East
J.P. Crawford,SEA,AL West,L,R,USA,30,SS,AL,West
Kutter Crawford,BOS,AL East,R,R,USA,29,SP,AL,East
Craig Yoho,MIL,NL Central,R,R,USA,25,RP,NL,Central
Dylan Crews,WSH,NL East,R,R,USA,23,RF,NL,East
Cristian Javier,HOU,AL West,R,R,DOM,28,SP,AL,West
Cristopher Sánchez,PHI,NL East,L,L,DOM,28,SP,NL,East
Blaine Crim,TEX,AL West,R,R,USA,28,1B,AL,West
Jeff Criswell,COL,NL West,R,R,USA,26,SP,NL,West
Cristian Mena,AZ,NL West,R,R,DOM,22,RP,NL,West
Jake Cronenworth,SD,NL West,L,R,USA,31,2B,NL,West
Pete Crow-Armstrong,CHC,NL Central,L,L,USA,23,CF,NL,Central
Garrett Crochet,BOS,AL East,L,L,USA,26,SP,AL,East
Declan Cronin,MIA,NL East,R,R,USA,27,SP,NL,East
Oneil Cruz,PIT,NL Central,L,R,DOM,26,CF,NL,Central
Fernando Cruz,NYY,AL East,R,R,PRI,35,RP,AL,East
Steven Cruz,KC,AL Central,R,R,DOM,26,RP,AL,Central
Omar Cruz,SD,NL West,L,L,MEX,26,RP,NL,West
John Curtiss,AZ,NL West,R,R,USA,32,RP,NL,West
Curtis Mead,CWS,AL Central,R,R,AUS,24,1B,AL,Central
Luis Curvelo,TEX,AL West,R,R,VEN,24,RP,AL,West
Yoniel Curet,TB,AL East,R,R,DOM,22,SP,AL,East
Dairon Blanco,KC,AL Central,R,R,CUB,32,CF,AL,Central
Dalton Rushing,LAD,NL West,L,R,USA,24,C,NL,West
Danny Jansen,MIL,NL Central,R,R,USA,30,C,NL,Central
Daniel Schneemann,CLE,AL Central,L,R,USA,28,2B,AL,Central
Dane Myers,MIA,NL East,R,R,USA,29,CF,NL,East
Dane Dunning,ATL,NL East,R,R,USA,30,RP,NL,East
Daniel Lynch IV,KC,AL Central,L,L,USA,28,RP,AL,Central
Daniel Johnson,SF,NL West,L,L,USA,30,CF,NL,West
Daniel Palencia,CHC,NL Central,R,R,VEN,25,RP,NL,Central
Danny Young,NYM,NL East,L,L,USA,31,RP,NL,East
Daniel Robert,PHI,NL East,L,R,USA,30,RP,NL,East
Davis Daniel,ATL,NL East,R,R,USA,28,SP,NL,East
Daniel Espino,CLE,AL Central,R,R,PAN,24,SP,AL,Central
Yu Darvish,SD,NL West,R,R,JPN,38,SP,NL,West
Darell Hernaiz,ATH,AL West,R,R,PRI,23,3B,AL,West
Michael Darrell-Hicks,PIT,NL Central,R,R,USA,27,RP,NL,Central
Dugan Darnell,COL,NL West,L,R,USA,28,SP,NL,West
DaShawn Keirsey Jr.,MIN,AL Central,L,L,USA,28,CF,AL,Central
Daulton Varsho,TOR,AL East,L,R,USA,29,CF,AL,East
Dauri Moreta,PIT,NL Central,R,R,DOM,29,SP,NL,Central
David Fry,CLE,AL Central,R,R,USA,29,1B,AL,Central
Davis Schneider,TOR,AL East,R,R,USA,26,LF,AL,East
David Hamilton,BOS,AL East,L,R,USA,27,2B,AL,East
Henry Davis,PIT,NL Central,R,R,USA,25,C,NL,Central
David Peterson,NYM,NL East,L,L,USA,29,SP,NL,East
Logan Davidson,HOU,AL West,S,R,USA,27,1B,AL,West
Davis Martin,CWS,AL Central,L,R,USA,28,SP,AL,Central
Noah Davis,MIN,AL Central,R,R,USA,28,RP,AL,Central
David Festa,MIN,AL Central,R,R,USA,25,SP,AL,Central
David Morgan,SD,NL West,R,R,USA,25,RP,NL,West
Dax Fulton,MIA,NL East,L,L,USA,23,SP,NL,East
Daysbel Hernández,ATL,NL East,R,R,CUB,28,RP,NL,East
Daylen Lile,WSH,NL East,L,R,USA,22,RF,NL,East
Dean Kremer,BAL,AL East,R,R,USA,29,SP,AL,East
Dedniel Núñez,NYM,NL East,R,R,DOM,29,RP,NL,East
Jacob deGrom,TEX,AL West,L,R,USA,37,SP,AL,West
Paul DeJong,WSH,NL East,R,R,USA,31,3B,NL,East
Dennis Santana,PIT,NL Central,R,R,DOM,29,RP,NL,Central
Derek Law,WSH,NL East,R,R,USA,34,SP,NL,East
Derek Hill,MIA,NL East,R,R,USA,29,CF,NL,East
Anthony DeSclafani,AZ,NL West,R,R,USA,35,RP,NL,West
Reid Detmers,LAA,AL West,L,L,USA,26,RP,AL,West
Rafael Devers,SF,NL West,L,R,DOM,28,DH,NL,West
Devin Williams,NYY,AL East,R,R,USA,30,RP,AL,East
Devin Sweet,PHI,NL East,S,R,USA,28,SP,NL,East
Deyvison De Los Santos,MIA,NL East,R,R,DOM,22,3B,NL,East
Zach Dezenzo,HOU,AL West,R,R,USA,25,LF,AL,West
Yandy Díaz,TB,AL East,R,R,CUB,33,1B,AL,East
Elias Díaz,SD,NL West,R,R,VEN,34,C,NL,West
Edwin Díaz,NYM,NL East,R,R,PRI,31,RP,NL,East
Yainer Diaz,HOU,AL West,R,R,DOM,26,C,AL,West
Jhonathan Díaz,SEA,AL West,L,L,VEN,28,RP,AL,West
Yilber Díaz,AZ,NL West,R,R,VEN,24,RP,NL,West
Didier Fuentes,ATL,NL East,R,R,COL,20,SP,NL,East
Dietrich Enns,BAL,AL East,L,L,USA,34,RP,AL,East
Dillon Dingler,DET,AL Central,R,R,USA,26,C,AL,Central
DJ Herz,WSH,NL East,R,L,USA,24,SP,NL,East
DL Hall,MIL,NL Central,L,L,USA,26,RP,NL,Central
Hunter Dobbins,BOS,AL East,R,R,USA,25,SP,AL,East
Dylan Dodd,ATL,NL East,L,L,USA,27,RP,NL,East
Dominic Smith,SF,NL West,L,L,USA,30,1B,NL,West
Seranthony Domínguez,TOR,AL East,R,R,DOM,30,RP,AL,East
Dom Nuñez,CLE,AL Central,L,R,USA,30,C,AL,Central
Jasson Domínguez,NYY,AL East,S,R,DOM,22,LF,AL,East
Domingo Gonzalez,ATL,NL East,R,R,DOM,25,SP,NL,East
Donovan Solano,SEA,AL West,R,R,COL,37,1B,AL,West
Doug Nikhazy,CLE,AL Central,L,L,USA,25,SP,AL,Central
Camilo Doval,NYY,AL East,R,R,DOM,28,RP,AL,East
Drew Pomeranz,CHC,NL Central,R,L,USA,36,RP,NL,Central
Drew Waters,KC,AL Central,S,R,USA,26,LF,AL,Central
Drew Smith,NYM,NL East,R,R,USA,31,SP,NL,East
Drew Rasmussen,TB,AL East,R,R,USA,30,SP,AL,East
Drew Millas,WSH,NL East,S,R,USA,27,C,NL,East
Drew Romo,COL,NL West,S,R,USA,23,C,NL,West
Jack Dreyer,LAD,NL West,R,L,USA,26,RP,NL,West
Drey Jameson,AZ,NL West,R,R,USA,27,RP,NL,West
Drew Thorpe,CWS,AL Central,L,R,USA,24,SP,AL,Central
Logan Driscoll,TB,AL East,L,R,USA,27,C,AL,East
Mauricio Dubón,HOU,AL West,R,R,HND,31,2B,AL,West
Shawn Dubin,HOU,AL West,R,R,USA,29,RP,AL,West
Oliver Dunn,MIL,NL Central,L,R,USA,27,3B,NL,Central
Blake Dunn,CIN,NL Central,R,R,USA,26,RF,NL,Central
Jarren Duran,BOS,AL East,L,R,USA,28,LF,AL,East
Ezequiel Duran,TEX,AL West,R,R,DOM,26,SS,AL,West
Jhoan Duran,PHI,NL East,R,R,DOM,27,RP,NL,East
Dustin May,BOS,AL East,R,R,USA,27,SP,AL,East
Dustin Harris,TEX,AL West,L,R,USA,26,LF,AL,West
Dylan Moore,SEA,AL West,R,R,USA,32,2B,AL,West
Dylan Lee,ATL,NL East,L,L,USA,31,RP,NL,East
Dylan Smith,DET,AL Central,R,R,USA,25,RP,AL,Central
Easton Lucas,TOR,AL East,L,L,USA,28,SP,AL,East
Easton McGee,MIL,NL Central,R,R,USA,27,RP,NL,Central
Nate Eaton,BOS,AL East,R,R,USA,28,3B,AL,East
Jake Eder,WSH,NL East,L,L,USA,26,RP,NL,East
Edgar Quero,CWS,AL Central,S,R,CUB,22,C,AL,Central
Edgardo Henriquez,LAD,NL West,R,R,VEN,23,RP,NL,West
Edouard Julien,MIN,AL Central,L,R,CAN,26,2B,AL,Central
Eduardo Rodriguez,AZ,NL West,L,L,VEN,32,SP,NL,West
Eduardo Salazar,WSH,NL East,R,R,VEN,27,RP,NL,East
Eduarniel Núñez,ATH,AL West,R,R,DOM,26,RP,AL,West
Xavier Edwards,MIA,NL East,S,R,USA,25,SS,NL,East
Edwin Uceta,TB,AL East,R,R,DOM,27,RP,AL,East
Zach Eflin,BAL,AL East,R,R,USA,31,SP,AL,East
Joe Elbis,AZ,NL West,R,R,VEN,22,SP,NL,West
Eli White,ATL,NL East,R,R,USA,31,RF,NL,East
Eli Morgan,CHC,NL Central,R,R,USA,29,RP,NL,Central
Tim Elko,CWS,AL Central,R,R,USA,26,1B,AL,Central
Elly De La Cruz,CIN,NL Central,S,R,DOM,23,SS,NL,Central
Fraser Ellard,CWS,AL Central,L,L,USA,27,RP,AL,Central
Elvis Peguero,MIL,NL Central,R,R,DOM,28,RP,NL,Central
Elvin Rodríguez,BAL,AL East,R,R,DOM,27,RP,AL,East
Emerson Hancock,SEA,AL West,R,R,USA,26,SP,AL,West
Emilio Pagán,CIN,NL Central,L,R,USA,34,RP,NL,Central
Emiliano Teodo,TEX,AL West,R,R,DOM,24,SP,AL,West
Emmet Sheehan,LAD,NL West,R,R,USA,25,SP,NL,West
Emmanuel Rodriguez,MIN,AL Central,L,L,DOM,22,CF,AL,Central
Jerar Encarnacion,SF,NL West,R,R,DOM,27,RF,NL,West
Endy Rodríguez,PIT,NL Central,S,R,DOM,25,1B,NL,Central
Mason Englert,TB,AL East,S,R,USA,25,RP,AL,East
Tristin English,AZ,NL West,R,R,USA,28,OF,NL,West
Enmanuel Valdez,PIT,NL Central,L,R,DOM,26,1B,NL,Central
Enrique Hernández,LAD,NL West,R,R,PRI,33,1B,NL,West
Nic Enright,CLE,AL Central,R,R,USA,28,RP,AL,Central
Enyel De Los Santos,ATL,NL East,R,R,DOM,29,RP,NL,East
Nathan Eovaldi,TEX,AL West,R,R,USA,35,SP,AL,West
Erasmo Ramírez,MIN,AL Central,R,R,NIC,35,SP,AL,Central
Lucas Erceg,KC,AL Central,L,R,USA,30,RP,AL,Central
Erick Fedde,ATL,NL East,R,R,USA,32,SP,NL,East
Eric Lauer,TOR,AL East,R,L,USA,30,SP,AL,East
Eric Wagaman,MIA,NL East,R,R,USA,27,1B,NL,East
Erik Miller,SF,NL West,L,L,USA,27,RP,NL,West
Eric Orze,TB,AL East,R,R,USA,27,RP,AL,East
Erik Sabrowski,CLE,AL Central,R,L,CAN,27,RP,AL,Central
J.C. Escarra,NYY,AL East,L,R,USA,30,C,AL,East
Santiago Espinal,CIN,NL Central,R,R,DOM,30,3B,NL,Central
Thairo Estrada,COL,NL West,R,R,VEN,29,2B,NL,West
Esteury Ruiz,LAD,NL West,R,R,DOM,26,LF,NL,West
Jeremiah Estrada,SD,NL West,S,R,USA,26,RP,NL,West
Joey Estes,ATH,AL West,R,R,USA,23,SP,AL,West
Lazaro Estrada,TOR,AL East,R,R,CUB,26,RP,AL,East
Ethan Roberts,CHC,NL Central,R,R,USA,28,RP,NL,Central
Eugenio Suárez,SEA,AL West,R,R,VEN,34,3B,AL,West
Eury Pérez,MIA,NL East,R,R,DOM,22,SP,NL,East
Evan Phillips,LAD,NL West,R,R,USA,30,RP,NL,West
Evan Sisk,PIT,NL Central,L,L,USA,28,RP,NL,Central
Logan Evans,SEA,AL West,R,R,USA,24,SP,AL,West
Everson Pereira,TB,AL East,R,R,VEN,24,CF,AL,East
Ezequiel Tovar,COL,NL West,R,R,VEN,24,SS,NL,West
Stuart Fairchild,TB,AL East,R,R,USA,29,RF,AL,East
Pete Fairbanks,TB,AL East,R,R,USA,31,RP,AL,East
Kyle Farmer,COL,NL West,R,R,USA,34,2B,NL,West
Hunter Feduccia,TB,AL East,L,R,USA,28,C,AL,East
Ryan Feltner,COL,NL West,R,R,USA,28,SP,NL,West
Freddy Fermin,SD,NL West,R,R,VEN,30,C,NL,West
José Fermín,STL,NL Central,R,R,DOM,26,2B,NL,Central
Jose A. Ferrer,WSH,NL East,L,L,DOM,25,RP,NL,East
Tyler Ferguson,ATH,AL West,R,R,USA,31,RP,AL,West
Ryan Fernandez,STL,NL Central,R,R,USA,27,RP,NL,Central
Yanquiel Fernández,COL,NL West,L,L,CUB,22,RF,NL,West
José Fermin,LAA,AL West,R,R,DOM,23,RP,AL,West
Julian Fernández,LAD,NL West,R,R,DOM,29,RP,NL,West
Matt Festa,CLE,AL Central,R,R,USA,32,RP,AL,Central
Kyle Finnegan,DET,AL Central,R,R,USA,33,RP,AL,Central
Tyler Fitzgerald,SF,NL West,R,R,USA,27,2B,NL,West
Ryan Fitzgerald,MIN,AL Central,L,R,USA,31,3B,AL,Central
Richard Fitts,BOS,AL East,R,R,USA,25,SP,AL,East
Jack Flaherty,DET,AL Central,R,R,USA,29,SP,AL,Central
Wilmer Flores,SF,NL West,R,R,VEN,33,1B,NL,West
Mason Fluharty,TOR,AL East,R,L,USA,23,RP,AL,East
Jason Foley,DET,AL Central,R,R,USA,29,SP,AL,Central
Nick Fortes,TB,AL East,R,R,USA,28,C,AL,East
Justin Foscue,TEX,AL West,R,R,USA,26,1B,AL,West
Ty France,TOR,AL East,R,R,USA,31,1B,AL,East
Jake Fraley,CIN,NL Central,L,L,USA,30,RF,NL,Central
Framber Valdez,HOU,AL West,R,L,DOM,31,SP,AL,West
Frankie Montas,NYM,NL East,R,R,DOM,32,SP,NL,East
J.P. France,HOU,AL West,R,R,USA,30,SP,AL,West
Nick Frasso,LAD,NL West,R,R,USA,26,SP,NL,West
Freddie Freeman,LAD,NL West,L,R,USA,35,1B,NL,West
Tyler Freeman,COL,NL West,R,R,USA,26,RF,NL,West
Sal Frelick,MIL,NL Central,L,R,USA,25,RF,NL,Central
Kyle Freeland,COL,NL West,L,L,USA,32,SP,NL,West
Freddy Peralta,MIL,NL Central,R,R,DOM,29,SP,NL,Central
Freddy Tarnok,MIA,NL East,R,R,USA,26,RP,NL,East
TJ Friedl,CIN,NL Central,L,L,USA,29,CF,NL,Central
Max Fried,NYY,AL East,L,L,USA,31,SP,AL,East
Kody Funderburk,MIN,AL Central,L,L,USA,28,RP,AL,Central
Gabriel Moreno,AZ,NL West,R,R,VEN,25,C,NL,West
Gabe Speier,SEA,AL West,L,L,USA,30,RP,AL,West
Hunter Gaddis,CLE,AL Central,R,R,USA,27,RP,AL,Central
Matt Gage,SF,NL West,L,L,USA,32,RP,NL,West
Zac Gallen,AZ,NL West,R,R,USA,29,SP,NL,West
Garrett Hampson,STL,NL Central,R,R,USA,30,2B,NL,Central
Mitch Garver,SEA,AL West,R,R,USA,34,C,AL,West
Luis García Jr.,WSH,NL East,L,R,USA,25,2B,NL,East
Luis García,LAA,AL West,R,R,DOM,38,RP,AL,West
Yimi García,TOR,AL East,R,R,DOM,34,RP,AL,East
Maikel Garcia,KC,AL Central,R,R,VEN,25,3B,AL,Central
Garrett Stubbs,PHI,NL East,L,R,USA,32,C,NL,East
Garrett Mitchell,MIL,NL Central,L,R,USA,26,CF,NL,Central
Reed Garrett,NYM,NL East,R,R,USA,32,RP,NL,East
Garrett Whitlock,BOS,AL East,R,R,USA,29,RP,AL,East
Robert Garcia,TEX,AL West,R,L,USA,29,RP,AL,West
Rico Garcia,NYM,NL East,R,R,USA,31,RP,NL,East
Justin Garza,NYM,NL East,R,R,USA,31,RP,NL,East
Jhostynxon Garcia,BOS,AL East,R,R,VEN,22,CF,AL,East
Mickey Gasper,MIN,AL Central,S,R,USA,29,2B,AL,Central
Robert Gasser,MIL,NL Central,L,L,USA,26,SP,NL,Central
Kevin Gausman,TOR,AL East,L,R,USA,34,SP,AL,East
Gavin Sheets,SD,NL West,L,L,USA,29,LF,NL,West
Gavin Lux,CIN,NL Central,L,R,USA,27,LF,NL,Central
Gavin Williams,CLE,AL Central,L,R,USA,26,SP,AL,Central
Gavin Hollowell,CHC,NL Central,R,R,USA,27,RP,NL,Central
Gavin Stone,LAD,NL West,R,R,USA,26,SP,NL,West
Zack Gelof,ATH,AL West,R,R,USA,25,2B,AL,West
George Springer,TOR,AL East,R,R,USA,35,RF,AL,East
George Kirby,SEA,AL West,R,R,USA,27,SP,AL,West
George Soriano,MIA,NL East,R,R,DOM,26,RP,NL,East
Geraldo Perdomo,AZ,NL West,S,R,DOM,25,SS,NL,West
Gerrit Cole,NYY,AL East,R,R,USA,34,SP,AL,East
Germán Márquez,COL,NL West,R,R,VEN,30,SP,NL,West
Joey Gerber,TB,AL East,R,R,USA,28,SP,AL,East
Paul Gervase,LAD,NL West,R,R,USA,25,RP,NL,West
Giancarlo Stanton,NYY,AL East,R,R,USA,35,DH,AL,East
Ian Gibaut,CIN,NL Central,R,R,USA,31,RP,NL,Central
Logan Gilbert,SEA,AL West,R,R,USA,28,SP,AL,West
Tyler Gilbert,CWS,AL Central,L,L,USA,31,RP,AL,Central
Luis Gil,NYY,AL East,R,R,DOM,27,SP,AL,East
Kevin Ginkel,AZ,NL West,L,R,USA,31,RP,NL,West
J.T. Ginn,ATH,AL West,R,R,USA,26,SP,AL,West
Gio Urshela,ATH,AL West,R,R,COL,33,3B,AL,West
Lucas Giolito,BOS,AL East,R,R,USA,31,SP,AL,East
Sawyer Gipson-Long,DET,AL Central,R,R,USA,27,SP,AL,Central
Tyler Glasnow,LAD,NL West,L,R,USA,31,SP,NL,West
Gleyber Torres,DET,AL Central,R,R,VEN,28,2B,AL,Central
Paul Goldschmidt,NYY,AL East,R,R,USA,37,1B,AL,East
Romy Gonzalez,BOS,AL East,R,R,USA,28,1B,AL,East
Nick Gonzales,PIT,NL Central,R,R,USA,26,2B,NL,Central
Tony Gonsolin,LAD,NL West,R,R,USA,31,SP,NL,West
Wikelman González,CWS,AL Central,R,R,VEN,23,RP,AL,Central
Hunter Goodman,COL,NL West,R,R,USA,25,C,NL,West
Nolan Gorman,STL,NL Central,L,R,USA,25,2B,NL,Central
MacKenzie Gore,WSH,NL East,L,L,USA,26,SP,NL,East
Gordon Graceffo,STL,NL Central,R,R,USA,25,RP,NL,Central
Tanner Gordon,COL,NL West,L,R,USA,27,SP,NL,West
Riley Greene,DET,AL Central,L,L,USA,24,LF,AL,Central
Gregory Soto,NYM,NL East,L,L,DOM,30,RP,NL,East
Greg Weissert,BOS,AL East,R,R,USA,30,RP,AL,East
Hunter Greene,CIN,NL Central,R,R,USA,25,SP,NL,Central
Gregory Santos,SEA,AL West,R,R,DOM,25,RP,AL,West
Randal Grichuk,KC,AL Central,R,R,USA,33,RF,AL,Central
Trent Grisham,NYY,AL East,L,L,USA,28,CF,AL,East
Griffin Jax,TB,AL East,R,R,USA,30,RP,AL,East
Vaughn Grissom,BOS,AL East,R,R,USA,24,2B,AL,East
Michael Grove,LAD,NL West,R,R,USA,28,SP,NL,West
Vladimir Guerrero Jr.,TOR,AL East,R,R,CAN,26,1B,AL,East
Sean Guenther,DET,AL Central,L,L,USA,29,RP,AL,Central
Luis Guerrero,BOS,AL East,R,R,DOM,24,RP,AL,East
Gunnar Henderson,BAL,AL East,L,R,USA,24,SS,AL,East
Gunnar Hoglund,ATH,AL West,L,R,USA,25,SP,AL,West
Lourdes Gurriel Jr.,AZ,NL West,R,R,CUB,31,LF,NL,West
Gus Varland,CWS,AL Central,L,R,USA,28,SP,AL,Central
Ryan Gusto,MIA,NL East,R,R,USA,26,SP,NL,East
Josh Hader,HOU,AL West,L,L,USA,31,RP,AL,West
Sam Haggerty,TEX,AL West,S,R,USA,31,CF,AL,West
Justin Hagenman,NYM,NL East,R,R,USA,28,RP,NL,East
Seth Halvorsen,COL,NL West,R,R,USA,25,RP,NL,West
Petey Halpin,CLE,AL Central,L,R,USA,23,CF,AL,Central
Maverick Handley,BAL,AL East,R,R,USA,27,C,AL,East
Ian Happ,CHC,NL Central,S,R,USA,30,LF,NL,Central
Michael Harris II,ATL,NL East,L,L,USA,24,CF,NL,East
Hunter Harvey,KC,AL Central,R,R,USA,30,RP,AL,Central
Hogan Harris,ATH,AL West,R,L,USA,28,RP,AL,West
Kyle Harrison,BOS,AL East,R,L,USA,23,SP,AL,East
Kyle Hart,SD,NL West,L,L,USA,32,SP,NL,West
Thomas Harrington,PIT,NL Central,R,R,USA,24,RP,NL,Central
Robert Hassell III,WSH,NL East,L,L,USA,23,CF,NL,East
Thomas Hatch,KC,AL Central,R,R,USA,30,RP,AL,Central
Ke'Bryan Hayes,CIN,NL Central,R,R,USA,28,3B,NL,Central
Hayden Wesneski,HOU,AL West,R,R,USA,27,SP,AL,West
Hayden Senger,NYM,NL East,R,R,USA,28,C,NL,East
Héctor Neris,HOU,AL West,R,R,DOM,36,RP,AL,West
Austin Hedges,CLE,AL Central,R,R,USA,32,C,AL,Central
Jonah Heim,TEX,AL West,S,R,USA,30,C,AL,West
Tyler Heineman,TOR,AL East,S,R,USA,34,C,AL,East
Ryan Helsley,NYM,NL East,R,R,USA,31,RP,NL,East
Heliot Ramos,SF,NL West,R,R,PRI,25,LF,NL,West
Michael Helman,TEX,AL West,R,R,USA,29,CF,AL,West
Kyle Hendricks,LAA,AL West,R,R,USA,35,SP,AL,West
Sam Hentges,CLE,AL Central,L,L,USA,29,SP,AL,Central
Ronny Henriquez,MIA,NL East,R,R,DOM,25,RP,NL,East
Tommy Henry,AZ,NL West,L,L,USA,28,RP,NL,West
Tink Hence,STL,NL Central,R,R,USA,22,SP,NL,Central
Logan Henderson,MIL,NL Central,R,R,USA,23,SP,NL,Central
Teoscar Hernández,LAD,NL West,R,R,DOM,32,RF,NL,West
Jose Herrera,AZ,NL West,S,R,VEN,28,C,NL,West
Jimmy Herget,COL,NL West,R,R,USA,31,RP,NL,West
Iván Herrera,STL,NL Central,R,R,PAN,25,C,NL,Central
Tim Herrin,CLE,AL Central,L,L,USA,28,RP,AL,Central
Heriberto Hernandez,MIA,NL East,R,R,DOM,25,LF,NL,East
Kevin Herget,NYM,NL East,L,R,USA,34,RP,NL,East
Nick Hernandez,HOU,AL West,R,R,USA,30,RP,AL,West
Heston Kjerstad,BAL,AL East,L,R,USA,26,LF,AL,East
Jordan Hicks,BOS,AL East,R,R,USA,28,RP,AL,East
Liam Hicks,MIA,NL East,L,R,CAN,26,C,NL,East
Tim Hill,NYY,AL East,R,L,USA,35,RP,AL,East
Jaden Hill,COL,NL West,R,R,USA,25,RP,NL,West
Rece Hinds,CIN,NL Central,R,R,USA,24,RF,NL,Central
Yaramil Hiraldo,BAL,AL East,R,R,DOM,29,RP,AL,East
Sean Hjelle,SF,NL West,R,R,USA,28,RP,NL,West
Hoby Milner,TEX,AL West,L,L,USA,34,RP,AL,West
Nico Hoerner,CHC,NL Central,R,R,USA,28,2B,NL,Central
Jeff Hoffman,TOR,AL East,R,R,USA,32,RP,AL,East
Nolan Hoffman,PHI,NL East,R,R,USA,27,SP,NL,East
Andrew Hoffmann,AZ,NL West,R,R,USA,25,RP,NL,West
Tyler Holton,DET,AL Central,L,L,USA,29,RP,AL,Central
Jackson Holliday,BAL,AL East,L,R,USA,21,2B,AL,East
Grant Holmes,ATL,NL East,L,R,USA,29,SP,NL,East
Grant Holman,ATH,AL West,R,R,USA,25,RP,AL,West
Spencer Horwitz,PIT,NL Central,L,R,USA,27,1B,NL,Central
Rhys Hoskins,MIL,NL Central,R,R,USA,32,1B,NL,Central
Adrian Houser,TB,AL East,R,R,USA,32,SP,AL,East
Tanner Houck,BOS,AL East,R,R,USA,29,SP,AL,East
Houston Roth,BAL,AL East,R,R,USA,27,SP,AL,East
Hunter Stratton,ATL,NL East,R,R,USA,28,RP,NL,East
Kyle Hurt,LAD,NL West,R,R,USA,27,SP,NL,West
Hurston Waldrep,ATL,NL East,R,R,USA,23,SP,NL,East
Hyeseong Kim,LAD,NL West,L,R,KOR,26,2B,NL,West
Ian Seymour,TB,AL East,L,L,USA,26,RP,AL,East
Jose Iglesias,SD,NL West,R,R,CUB,35,2B,NL,West
Raisel Iglesias,ATL,NL East,R,R,CUB,35,RP,NL,East
Ildemaro Vargas,AZ,NL West,S,R,VEN,34,2B,NL,West
Shota Imanaga,CHC,NL Central,L,L,JPN,31,SP,NL,Central
Jonathan India,KC,AL Central,R,R,USA,28,2B,AL,Central
Jairo Iriarte,CWS,AL Central,R,R,VEN,23,SP,AL,Central
Jake Irvin,WSH,NL East,R,R,USA,28,SP,NL,East
Isaac Paredes,HOU,AL West,R,R,MEX,26,3B,AL,West
Isaac Mattson,PIT,NL Central,R,R,USA,30,RP,NL,Central
Kyle Isbel,KC,AL Central,L,R,USA,28,CF,AL,Central
Isiah Kiner-Falefa,PIT,NL Central,R,R,USA,30,SS,NL,Central
Jack Suwinski,PIT,NL Central,L,L,USA,27,RF,NL,Central
Jacob Young,WSH,NL East,R,R,USA,26,CF,NL,East
Jackson Merrill,SD,NL West,L,R,USA,22,CF,NL,West
Jacob Webb,TEX,AL West,R,R,USA,31,RP,AL,West
Jacob Wilson,ATH,AL West,R,R,USA,23,SS,AL,West
Jacob Latz,TEX,AL West,R,L,USA,29,RP,AL,West
Jace Jung,DET,AL Central,L,R,USA,24,3B,AL,Central
Jackson Kowar,SEA,AL West,R,R,USA,28,RP,AL,West
Jackson Rutledge,WSH,NL East,R,R,USA,26,RP,NL,East
Jeremiah Jackson,BAL,AL East,R,R,USA,25,2B,AL,East
Jack Leiter,TEX,AL West,R,R,USA,25,SP,AL,West
Joe Jacques,SEA,AL West,L,L,USA,30,SP,AL,West
Jack Kochanowicz,LAA,AL West,L,R,USA,24,SP,AL,West
Jacob Melton,HOU,AL West,L,L,USA,24,LF,AL,West
Jacob Lopez,ATH,AL West,L,L,USA,27,SP,AL,West
Jack Winkler,MIA,NL East,R,R,USA,26,2B,NL,East
Jackson Jobe,DET,AL Central,R,R,USA,23,SP,AL,Central
Jack Neely,CHC,NL Central,R,R,USA,25,SP,NL,Central
Jacob Misiorowski,MIL,NL Central,R,R,USA,23,SP,NL,Central
Jahmai Jones,DET,AL Central,R,R,USA,27,RF,AL,Central
James McCann,AZ,NL West,R,R,USA,35,C,NL,West
James Outman,MIN,AL Central,L,R,USA,28,CF,AL,Central
Jameson Taillon,CHC,NL Central,R,R,USA,33,SP,NL,Central
James Wood,WSH,NL East,L,R,USA,22,LF,NL,East
James McArthur,KC,AL Central,R,R,USA,28,SP,AL,Central
Kenley Jansen,LAA,AL West,S,R,CUW,37,RP,AL,West
Janson Junk,MIA,NL East,R,R,USA,29,SP,NL,East
Jarred Kelenic,ATL,NL East,L,L,USA,26,RF,NL,East
Jared Triolo,PIT,NL Central,R,R,USA,27,SS,NL,Central
Jared Koenig,MIL,NL Central,R,L,USA,31,RP,NL,Central
Jared Young,NYM,NL East,L,R,CAN,30,LF,NL,East
Jared Shuster,CWS,AL Central,L,L,USA,27,RP,AL,Central
Jared Jones,PIT,NL Central,L,R,USA,23,SP,NL,Central
Jared Serna,MIA,NL East,R,R,MEX,23,SS,NL,East
Javier Sanoja,MIA,NL East,R,R,VEN,22,2B,NL,East
Jayvien Sandridge,NYY,AL East,L,L,USA,26,RP,AL,East
Jeff McNeil,NYM,NL East,L,R,USA,33,2B,NL,East
Ryan Jeffers,MIN,AL Central,R,R,USA,28,C,AL,Central
Jeffrey Springs,ATH,AL West,L,L,USA,32,SP,AL,West
Jeferson Quero,MIL,NL Central,R,R,VEN,22,C,NL,Central
Jeremy Peña,HOU,AL West,R,R,DOM,27,SS,AL,West
Jesse Winker,NYM,NL East,L,L,USA,31,LF,NL,East
Jesús Sánchez,HOU,AL West,L,R,DOM,27,RF,AL,West
Jesús Luzardo,PHI,NL East,L,L,PER,27,SP,NL,East
Jesus Tinoco,MIA,NL East,R,R,VEN,30,RP,NL,East
Jesse Scholtens,CWS,AL Central,R,R,USA,31,SP,AL,Central
Jhonkensy Noel,CLE,AL Central,R,R,DOM,24,RF,AL,Central
Jhonny Pereda,MIN,AL Central,R,R,VEN,29,C,AL,Central
Joe Jiménez,ATL,NL East,R,R,PRI,30,SP,NL,East
Leo Jiménez,TOR,AL East,R,R,PAN,24,SS,AL,East
Joc Pederson,TEX,AL West,L,L,USA,33,1B,AL,West
Joey Ortiz,MIL,NL Central,R,R,USA,27,SS,NL,Central
Joe Musgrove,SD,NL West,R,R,USA,32,SP,NL,West
Joey Wiemer,KC,AL Central,R,R,USA,26,LF,AL,Central
Joe Ross,PHI,NL East,R,R,USA,32,RP,NL,East
Joey Loperfido,TOR,AL East,L,R,USA,26,LF,AL,East
Joey Wentz,ATL,NL East,L,L,USA,27,SP,NL,East
Joe Ryan,MIN,AL Central,R,R,USA,29,SP,AL,Central
Joey Lucchesi,SF,NL West,L,L,USA,32,RP,NL,West
Joe La Sorsa,CIN,NL Central,L,L,USA,27,RP,NL,Central
Joe Rock,TB,AL East,L,L,USA,25,RP,AL,East
Johan Rojas,PHI,NL East,R,R,DOM,24,CF,NL,East
John Schreiber,KC,AL Central,R,R,USA,31,RP,AL,Central
John King,STL,NL Central,L,L,USA,30,RP,NL,Central
John Rave,KC,AL Central,L,L,USA,27,RF,AL,Central
John Means,CLE,AL Central,L,L,USA,32,SP,AL,Central
Johan Oviedo,PIT,NL Central,R,R,CUB,27,SP,NL,Central
Johnathan Rodríguez,CLE,AL Central,R,R,PRI,25,RF,AL,Central
Troy Johnston,MIA,NL East,L,L,USA,28,OF,NL,East
Ryan Johnson,LAA,AL West,S,R,USA,22,RP,AL,West
Seth Johnson,PHI,NL East,R,R,USA,26,RP,NL,East
JoJo Romero,STL,NL Central,L,L,USA,28,RP,NL,Central
Nolan Jones,CLE,AL Central,L,R,USA,27,RF,AL,Central
Jon Gray,TEX,AL West,R,R,USA,33,RP,AL,West
Jonathan Loáisiga,NYY,AL East,R,R,NIC,30,RP,AL,East
Jonny DeLuca,TB,AL East,R,R,USA,27,CF,AL,East
Jonathan Ornelas,ATL,NL East,R,R,USA,25,SS,NL,East
Jonathan Pintaro,NYM,NL East,R,R,USA,27,RP,NL,East
Jorge Polanco,SEA,AL West,S,R,DOM,32,2B,AL,West
Jorge Mateo,BAL,AL East,R,R,DOM,30,SS,AL,East
Jordan Romano,PHI,NL East,R,R,CAN,32,RP,NL,East
Jordan Westburg,BAL,AL East,R,R,USA,26,3B,AL,East
Jordan Walker,STL,NL Central,R,R,USA,23,RF,NL,Central
Jordan Montgomery,MIL,NL Central,L,L,USA,32,SP,NL,Central
Jordan Leasure,CWS,AL Central,R,R,USA,26,RP,AL,Central
Jorbit Vivas,NYY,AL East,L,R,VEN,24,2B,AL,East
Jordan Lawlar,AZ,NL West,R,R,USA,23,2B,NL,West
Jordan Wicks,CHC,NL Central,L,L,USA,25,RP,NL,Central
JP Sears,SD,NL West,R,L,USA,29,SP,NL,West
Juan Soto,NYM,NL East,L,L,DOM,26,RF,NL,East
Juan Morillo,AZ,NL West,R,R,VEN,26,RP,NL,West
Juan Mejia,COL,NL West,R,R,DOM,25,RP,NL,West
Julio Rodríguez,SEA,AL West,R,R,DOM,24,CF,AL,West
Josh Jung,TEX,AL West,R,R,USA,27,3B,AL,West
Jakob Junis,CLE,AL Central,R,R,USA,32,RP,AL,Central
Jung Hoo Lee,SF,NL West,L,R,KOR,26,CF,NL,West
Jurickson Profar,ATL,NL East,S,R,CUW,32,LF,NL,East
Justin Wilson,BOS,AL East,L,L,USA,37,RP,AL,East
Justin Verlander,SF,NL West,R,R,USA,42,SP,NL,West
Justin Lawrence,PIT,NL Central,R,R,PAN,30,RP,NL,Central
Justyn-Henry Malloy,DET,AL Central,R,R,USA,25,RF,AL,Central
Justin Topa,MIN,AL Central,R,R,USA,34,RP,AL,Central
Justin Steele,CHC,NL Central,L,L,USA,30,SP,NL,Central
Justin Martinez,AZ,NL West,R,R,DOM,24,RP,NL,West
Justin Slaten,BOS,AL East,R,R,USA,27,RP,AL,East
Justin Sterner,ATH,AL West,R,R,USA,28,RP,AL,West
Justin Wrobleski,LAD,NL West,L,L,USA,25,RP,NL,West
Kade Strowd,BAL,AL East,R,R,USA,27,RP,AL,East
Tommy Kahnle,DET,AL Central,R,R,USA,35,RP,AL,Central
Kai-Wei Teng,SF,NL West,R,R,TWN,26,SP,NL,West
Kaleb Ort,HOU,AL West,R,R,USA,33,RP,AL,West
Kameron Misner,TB,AL East,L,L,USA,27,CF,AL,East
Niko Kavadas,LAA,AL West,L,R,USA,26,1B,AL,West
Keaton Winn,SF,NL West,R,R,USA,27,SP,NL,West
Luke Keaschall,MIN,AL Central,R,R,USA,22,2B,AL,Central
Keibert Ruiz,WSH,NL East,S,R,VEN,27,C,NL,East
Keider Montero,DET,AL Central,R,R,VEN,25,SP,AL,Central
Merrill Kelly,TEX,AL West,R,R,USA,36,SP,AL,West
Mitch Keller,PIT,NL Central,R,R,USA,29,SP,NL,Central
Kevin Kelly,TB,AL East,R,R,USA,27,RP,AL,East
Zack Kelly,BOS,AL East,R,R,USA,30,RP,AL,East
Michael Kelly,ATH,AL West,R,R,USA,32,RP,AL,West
Otto Kemp,PHI,NL East,R,R,USA,25,1B,NL,East
Kendall Graveman,AZ,NL West,R,R,USA,34,RP,NL,West
Ken Waldichuk,ATH,AL West,L,L,USA,27,SP,AL,West
Zak Kent,CLE,AL Central,R,R,USA,27,RP,AL,Central
Max Kepler,PHI,NL East,L,L,GER,32,LF,NL,East
Orion Kerkering,PHI,NL East,R,R,USA,24,RP,NL,East
Ketel Marte,AZ,NL West,S,R,DOM,31,2B,NL,West
Kevin Newman,LAA,AL West,R,R,USA,31,3B,AL,West
Yusei Kikuchi,LAA,AL West,L,L,JPN,34,SP,AL,West
Ha-Seong Kim,TB,AL East,R,R,KOR,29,SS,AL,East
Scott Kingery,LAA,AL West,R,R,USA,31,2B,AL,West
Tyler Kinley,ATL,NL East,R,R,USA,34,RP,NL,East
Michael King,SD,NL West,R,R,USA,30,SP,NL,West
Kirby Yates,LAD,NL West,L,R,USA,38,RF,NL,West
Will Klein,LAD,NL West,R,R,USA,25,RP,NL,West
Landon Knack,LAD,NL West,L,R,USA,28,SP,NL,West
Kodai Senga,NYM,NL East,L,R,JPN,32,SP,NL,East
Stephen Kolek,KC,AL Central,R,R,USA,28,SP,AL,Central
Konnor Pilkington,WSH,NL East,L,L,USA,27,RP,NL,East
Michael Kopech,LAD,NL West,R,R,USA,29,RP,NL,West
Matt Koperniak,STL,NL Central,L,R,United Kingdom,27,LF,NL,Central
Korey Lee,CWS,AL Central,R,R,USA,27,C,AL,Central
Max Kranick,NYM,NL East,R,R,USA,28,RP,NL,East
Ryan Kreidler,DET,AL Central,R,R,USA,27,CF,AL,Central
Matt Krook,CLE,AL Central,L,L,USA,30,RP,AL,Central
Kumar Rocker,TEX,AL West,R,R,USA,25,SP,AL,West
Nick Kurtz,ATH,AL West,L,L,USA,22,1B,AL,West
Kyle Tucker,CHC,NL Central,L,R,USA,28,RF,NL,Central
Kyle Higashioka,TEX,AL West,R,R,USA,35,C,AL,West
Kyle Stowers,MIA,NL East,L,L,USA,27,LF,NL,East
Kyle Manzardo,CLE,AL Central,L,R,USA,25,1B,AL,Central
Kyle Nelson,AZ,NL West,L,L,USA,29,SP,NL,West
Kyle Leahy,STL,NL Central,S,R,USA,28,RP,NL,Central
Kyle Wright,KC,AL Central,R,R,USA,29,SP,AL,Central
Kyle Nicolas,PIT,NL Central,R,R,USA,26,RP,NL,Central
Kyle Teel,CWS,AL Central,L,R,USA,23,C,AL,Central
Kyren Paris,LAA,AL West,R,R,USA,23,CF,AL,West
LaMonte Wade Jr.,LAA,AL West,L,L,USA,31,1B,AL,West
Lane Thomas,CLE,AL Central,R,R,USA,29,CF,AL,Central
Shea Langeliers,ATH,AL West,R,R,USA,27,C,AL,West
Wyatt Langford,TEX,AL West,R,R,USA,23,LF,AL,West
Lance McCullers Jr.,HOU,AL West,L,R,USA,31,SP,AL,West
Landen Roupp,SF,NL West,R,R,USA,26,SP,NL,West
Lars Nootbaar,STL,NL Central,L,R,USA,27,LF,NL,Central
Trevor Larnach,MIN,AL Central,L,R,USA,28,RF,AL,Central
Andry Lara,WSH,NL East,R,R,VEN,22,RP,NL,East
Ramón Laureano,SD,NL West,R,R,DOM,31,RF,NL,West
Nate Lavender,TB,AL East,L,L,USA,25,SP,AL,East
Max Lazar,PHI,NL East,R,R,USA,26,RP,NL,East
José Leclerc,ATH,AL West,R,R,DOM,31,RP,AL,West
Casey Legumina,SEA,AL West,R,R,USA,28,RP,AL,West
Mark Leiter Jr.,NYY,AL East,R,R,USA,34,RP,AL,East
Lenyn Sosa,CWS,AL Central,R,R,VEN,25,2B,AL,Central
Sandy León,ATL,NL East,S,R,VEN,36,C,NL,East
Leo Rivas,SEA,AL West,S,R,VEN,27,2B,AL,West
Pedro León,HOU,AL West,R,R,CUB,27,RF,AL,West
Royce Lewis,MIN,AL Central,R,R,USA,26,3B,AL,Central
Liam Hendriks,BOS,AL East,R,R,AUS,36,RP,AL,East
Matthew Liberatore,STL,NL Central,L,L,USA,25,SP,NL,Central
Francisco Lindor,NYM,NL East,S,R,PRI,31,SS,NL,East
Liover Peguero,PIT,NL Central,R,R,DOM,24,SS,NL,Central
Trey Lipscomb,WSH,NL East,R,R,USA,25,3B,NL,East
Zack Littell,CIN,NL Central,R,R,USA,29,SP,NL,Central
Luke Little,CHC,NL Central,L,L,USA,24,RP,NL,Central
Jack Little,LAD,NL West,L,R,USA,27,RP,NL,West
Tyler Locklear,AZ,NL West,R,R,USA,24,1B,NL,West
Nick Lodolo,CIN,NL Central,L,L,USA,27,SP,NL,Central
Nick Loftin,KC,AL Central,R,R,USA,26,LF,AL,Central
Logan O'Hoppe,LAA,AL West,R,R,USA,25,C,AL,West
Logan Webb,SF,NL West,R,R,USA,28,SP,NL,West
Logan VanWey,HOU,AL West,R,R,USA,26,RP,AL,West
Sam Long,KC,AL Central,L,L,USA,30,RP,AL,Central
Reynaldo López,ATL,NL East,R,R,DOM,31,SP,NL,East
Otto Lopez,MIA,NL East,R,R,DOM,26,2B,NL,East
Pablo López,MIN,AL Central,L,R,VEN,29,SP,AL,Central
Michael Lorenzen,KC,AL Central,R,R,USA,33,SP,AL,Central
Louis Varland,TOR,AL East,L,R,USA,27,RP,AL,East
Ryan Loutos,WSH,NL East,R,R,USA,26,RP,NL,East
Nathaniel Lowe,WSH,NL East,L,R,USA,30,1B,NL,East
Josh Lowe,TB,AL East,L,R,USA,27,RF,AL,East
Rhett Lowder,CIN,NL Central,R,R,USA,23,SP,NL,Central
Marco Luciano,SF,NL West,R,R,DOM,23,OF,NL,West
Seth Lugo,KC,AL Central,R,R,USA,35,SP,AL,Central
Matthew Lugo,LAA,AL West,R,R,PRI,24,CF,AL,West
Luis Rengifo,LAA,AL West,S,R,VEN,28,3B,AL,West
Luis Urías,ATH,AL West,R,R,MEX,28,2B,AL,West
Luis Robert Jr.,CWS,AL Central,R,R,CUB,27,CF,AL,Central
Luis Torrens,NYM,NL East,R,R,VEN,29,C,NL,East
Luis Castillo,SEA,AL West,R,R,undefined,32,SP,AL,West
Luis Severino,ATH,AL West,R,R,DOM,31,SP,AL,West
Luis Matos,SF,NL West,R,R,VEN,23,RF,NL,West
Luis L. Ortiz,CLE,AL Central,R,R,DOM,26,SP,AL,Central
Luis Vázquez,BAL,AL East,R,R,PRI,25,SS,AL,East
Luis Medina,ATH,AL West,R,R,DOM,26,SP,AL,West
Luis Peralta,COL,NL West,L,L,DOM,24,RP,NL,West
Luis Mey,CIN,NL Central,R,R,DOM,24,RP,NL,Central
Luke Maile,KC,AL Central,R,R,USA,34,C,AL,Central
Luke Raley,SEA,AL West,L,R,USA,30,RF,AL,West
Luke Jackson,DET,AL Central,R,R,USA,33,RP,AL,Central
Luke Williams,ATL,NL East,R,R,USA,28,SS,NL,East
Luke Weaver,NYY,AL East,R,R,USA,31,RP,AL,East
Nathan Lukes,TOR,AL East,L,R,USA,31,RF,AL,East
Lyon Richardson,CIN,NL Central,S,R,USA,25,RP,NL,Central
Manny Machado,SD,NL West,R,R,USA,33,3B,NL,West
Willie MacIver,ATH,AL West,R,R,USA,28,C,AL,West
Nick Madrigal,NYM,NL East,R,R,USA,28,3B,NL,East
Ty Madden,DET,AL Central,R,R,USA,25,SP,AL,Central
Tyler Mahle,TEX,AL West,R,R,USA,30,SP,AL,West
Martín Maldonado,SD,NL West,R,R,PRI,38,C,NL,West
Anthony Maldonado,ATH,AL West,R,R,USA,27,RP,AL,West
Sean Manaea,NYM,NL East,R,L,USA,33,SP,NL,East
Manuel Rodríguez,TB,AL East,R,R,MEX,28,RP,AL,East
Jake Mangum,TB,AL East,S,L,USA,29,LF,AL,East
Matt Manning,PHI,NL East,R,R,USA,27,SP,NL,East
Marcell Ozuna,ATL,NL East,R,R,DOM,34,DH,NL,East
Starling Marte,NYM,NL East,R,R,DOM,36,LF,NL,East
Martín Pérez,CWS,AL Central,L,L,VEN,34,SP,AL,Central
Mark Vientos,NYM,NL East,R,R,USA,25,3B,NL,East
Nick Martinez,CIN,NL Central,L,R,USA,34,SP,NL,Central
Noelvi Marte,CIN,NL Central,R,R,DOM,23,3B,NL,Central
Ron Marinaccio,SD,NL West,R,R,USA,30,RP,NL,West
Rafael Marchán,PHI,NL East,S,R,VEN,26,C,NL,East
Marcelo Mayer,BOS,AL East,L,R,USA,22,3B,AL,East
Orelvis Martinez,TOR,AL East,R,R,DOM,23,2B,AL,East
Jakob Marsee,MIA,NL East,L,L,USA,24,CF,NL,East
Masyn Winn,STL,NL Central,R,R,USA,23,SS,NL,Central
Masataka Yoshida,BOS,AL East,L,R,JPN,32,LF,AL,East
Miles Mastrobuoni,SEA,AL West,L,R,USA,29,3B,AL,West
Mason Thompson,WSH,NL East,R,R,USA,27,RP,NL,East
Mason Miller,SD,NL West,R,R,USA,26,RP,NL,West
Mason McCoy,SD,NL West,R,R,USA,30,2B,NL,West
Mason Montgomery,TB,AL East,L,L,USA,25,RP,AL,East
Mason Black,SF,NL West,R,R,USA,25,RP,NL,West
Matt Chapman,SF,NL West,R,R,USA,32,3B,NL,West
Matt Vierling,DET,AL Central,R,R,USA,28,CF,AL,Central
Phil Maton,TEX,AL West,R,R,USA,32,RP,AL,West
Matt Strahm,PHI,NL East,R,L,USA,33,RP,NL,East
Matt Thaiss,TB,AL East,L,R,USA,30,C,AL,East
Matt Wallner,MIN,AL Central,L,R,USA,27,RF,AL,Central
Steven Matz,BOS,AL East,R,L,USA,34,RP,AL,East
Matt McLain,CIN,NL Central,R,R,USA,25,2B,NL,Central
Yuki Matsui,SD,NL West,L,L,JPN,29,RP,NL,West
Matt Shaw,CHC,NL Central,R,R,USA,23,3B,NL,Central
Matt Waldron,SD,NL West,R,R,USA,28,SP,NL,West
Matt Sauer,LAD,NL West,R,R,USA,26,RP,NL,West
Matt Svanson,STL,NL Central,R,R,USA,26,RP,NL,Central
Zebby Matthews,MIN,AL Central,R,R,USA,25,SP,AL,Central
Ronny Mauricio,NYM,NL East,S,R,DOM,24,3B,NL,East
Max Muncy,ATH,AL West,R,R,USA,22,3B,AL,West
Max Scherzer,TOR,AL East,R,R,USA,41,SP,AL,East
Max Schuemann,ATH,AL West,R,R,USA,28,3B,AL,West
Max Meyer,MIA,NL East,L,R,USA,26,SP,NL,East
Tim Mayza,PIT,NL Central,L,L,USA,33,RP,NL,Central
Trevor McDonald,SF,NL West,R,R,USA,24,SP,NL,West
Reese McGuire,CHC,NL Central,L,R,USA,30,C,NL,Central
Michael McGreevy,STL,NL Central,L,R,USA,25,SP,NL,Central
Zach McKinstry,DET,AL Central,L,R,USA,30,3B,AL,Central
Ryan McMahon,NYY,AL East,L,R,USA,30,3B,AL,East
Parker Meadows,DET,AL Central,L,R,USA,25,CF,AL,Central
Nick Mears,MIL,NL Central,R,R,USA,28,RP,NL,Central
Wade Meckler,SF,NL West,L,R,USA,25,OF,NL,West
Victor Mederos,LAA,AL West,R,R,CUB,24,RP,AL,West
Trevor Megill,MIL,NL Central,L,R,USA,31,RP,NL,Central
Tylor Megill,NYM,NL East,R,R,USA,30,SP,NL,East
MJ Melendez,KC,AL Central,L,R,USA,26,LF,AL,Central
Troy Melton,DET,AL Central,R,R,USA,24,SP,AL,Central
Michael Mercado,PHI,NL East,R,R,USA,26,RP,NL,East
Jake Meyers,HOU,AL West,R,L,USA,29,CF,AL,West
Michael Conforto,LAD,NL West,L,R,USA,32,LF,NL,West
Mickey Moniak,COL,NL West,L,R,USA,27,RF,NL,West
Michael Massey,KC,AL Central,L,R,USA,27,2B,AL,Central
Michael Wacha,KC,AL Central,R,R,USA,34,SP,AL,Central
Michael Toglia,COL,NL West,S,L,USA,26,1B,NL,West
Michael Tonkin,MIN,AL Central,R,R,USA,35,RP,AL,Central
Michael Siani,STL,NL Central,L,L,USA,26,CF,NL,Central
Michael Soroka,CHC,NL Central,R,R,CAN,27,SP,NL,Central
Michel Otañez,ATH,AL West,R,R,DOM,28,RP,AL,West
Michael Petersen,MIA,NL East,R,R,United Kingdom,31,RP,NL,East
Miguel Rojas,LAD,NL West,R,R,VEN,36,2B,NL,West
Miguel Castro,CWS,AL Central,R,R,DOM,30,RP,AL,Central
Miguel Vargas,CWS,AL Central,R,R,CUB,25,3B,AL,Central
Mike Trout,LAA,AL West,R,R,USA,33,RF,AL,West
Mike Yastrzemski,KC,AL Central,L,L,USA,34,RF,AL,Central
Mike Tauchman,CWS,AL Central,L,L,USA,34,RF,AL,Central
Miles Mikolas,STL,NL Central,R,R,USA,36,SP,NL,Central
Mike Vasil,CWS,AL Central,L,R,USA,25,RP,AL,Central
Wade Miley,CIN,NL Central,L,L,USA,38,SP,NL,Central
Shelby Miller,MIL,NL Central,R,R,USA,34,RP,NL,Central
A.J. Minter,NYM,NL East,L,L,USA,31,RP,NL,East
Jose Miranda,MIN,AL Central,R,R,PRI,27,3B,AL,Central
Anthony Misiewicz,MIN,AL Central,R,L,USA,30,RP,AL,Central
Mitch Spence,ATH,AL West,R,R,USA,27,RP,AL,West
Mitchell Parker,WSH,NL East,L,L,USA,25,SP,NL,East
Casey Mize,DET,AL Central,R,R,USA,28,SP,AL,Central
Moisés Chace,PHI,NL East,R,R,VEN,22,SP,NL,East
Sam Moll,CIN,NL Central,L,L,USA,33,RP,NL,Central
Anthony Molina,COL,NL West,R,R,VEN,23,RP,NL,West
Rafael Montero,DET,AL Central,R,R,DOM,34,RP,AL,Central
Ryan Mountcastle,BAL,AL East,R,R,USA,28,1B,AL,East
Roddery Muñoz,STL,NL Central,R,R,DOM,25,RP,NL,Central
Rolddy Muñoz,ATL,NL East,R,R,DOM,25,SP,NL,East
Sean Murphy,ATL,NL East,R,R,USA,30,C,NL,East
Tom Murphy,SF,NL West,R,R,USA,34,C,NL,West
Tobias Myers,MIL,NL Central,R,R,USA,26,SP,NL,Central
Myles Straw,TOR,AL East,R,R,USA,30,CF,AL,East
Tommy Nance,TOR,AL East,R,R,USA,34,RP,AL,East
Nasim Nuñez,WSH,NL East,S,R,USA,24,SS,NL,East
Nate Pearson,CHC,NL Central,R,R,USA,28,RP,NL,Central
Nathan Wiles,ATL,NL East,R,R,USA,27,RP,NL,East
Josh Naylor,SEA,AL West,L,L,CAN,28,1B,AL,West
Ryne Nelson,AZ,NL West,R,R,USA,27,SP,NL,West
Zach Neto,LAA,AL West,R,R,USA,24,SS,AL,West
Sean Newcomb,ATH,AL West,L,L,USA,32,RP,AL,West
Nick Pivetta,SD,NL West,R,R,CAN,32,SP,NL,West
Nick Sandlin,TOR,AL East,R,R,USA,28,RP,AL,East
Nick Sogard,BOS,AL East,S,R,USA,27,1B,AL,East
Nick Yorke,PIT,NL Central,R,R,USA,23,2B,NL,Central
Brandon Nimmo,NYM,NL East,L,R,USA,32,LF,NL,East
Nolan Schanuel,LAA,AL West,L,R,USA,23,1B,AL,West
Shinnosuke Ogasawara,WSH,NL East,L,L,JPN,27,SP,NL,East
Pierson Ohl,MIN,AL Central,R,R,USA,25,SP,AL,Central
Shohei Ohtani,LAD,NL West,L,R,JPN,31,TWP,NL,West
Steven Okert,HOU,AL West,L,L,USA,34,RP,AL,West
Matt Olson,ATL,NL East,L,R,USA,31,1B,NL,East
Reese Olson,DET,AL Central,R,R,USA,26,SP,AL,Central
Orlando Ribalta,WSH,NL East,R,R,CUB,27,RP,NL,East
Tirso Ornelas,SD,NL West,L,R,MEX,25,LF,NL,West
Oswald Peraza,LAA,AL West,R,R,VEN,25,3B,AL,West
Owen White,CWS,AL Central,R,R,USA,25,RP,AL,Central
Tyler Owens,DET,AL Central,R,R,USA,24,RP,AL,Central
Pedro Pagés,STL,NL Central,R,R,VEN,26,C,NL,Central
Richie Palacios,TB,AL East,L,R,USA,28,LF,AL,East
Vinnie Pasquantino,KC,AL Central,L,L,USA,27,1B,AL,Central
Patrick Sandoval,BOS,AL East,L,L,USA,28,SP,AL,East
Paul Sewald,DET,AL Central,R,R,USA,35,RP,AL,Central
Paul Blackburn,NYM,NL East,R,R,USA,31,SP,NL,East
Graham Pauley,MIA,NL East,L,R,USA,24,3B,NL,East
Paul Skenes,PIT,NL Central,R,R,USA,23,SP,NL,Central
Pavin Smith,AZ,NL West,L,L,USA,29,1B,NL,West
Paxton Schultz,TOR,AL East,L,R,USA,27,RP,AL,East
Zach Penrod,LAD,NL West,L,L,USA,28,SP,NL,West
Ryan Pepiot,TB,AL East,R,R,USA,27,SP,AL,East
Wandy Peralta,SD,NL West,L,L,DOM,34,RP,NL,West
Blake Perkins,MIL,NL Central,S,R,USA,28,CF,NL,Central
Wenceel Pérez,DET,AL Central,S,R,DOM,25,RF,AL,Central
Jack Perkins,ATH,AL West,R,R,USA,25,RP,AL,West
Luis Perales,BOS,AL East,R,R,VEN,22,SP,AL,East
Tommy Pham,PIT,NL Central,R,R,USA,37,LF,NL,Central
Tyler Phillips,MIA,NL East,R,R,USA,27,RP,NL,East
Pierce Johnson,ATL,NL East,R,R,USA,34,RP,NL,East
Robinson Piña,TOR,AL East,R,R,DOM,26,RP,AL,East
PJ Poulin,DET,AL Central,R,L,USA,29,SP,AL,Central
Yohel Pozo,STL,NL Central,R,R,VEN,28,C,NL,Central
Ryan Pressly,CHC,NL Central,R,R,USA,36,RP,NL,Central
Quinn Priester,MIL,NL Central,R,R,USA,24,SP,NL,Central
A.J. Puk,AZ,NL West,L,L,USA,30,RP,NL,West
Jose Quintana,MIL,NL Central,R,L,COL,36,SP,NL,Central
José Quijada,LAA,AL West,L,L,VEN,29,RP,AL,West
Carson Ragsdale,SF,NL West,R,R,USA,27,SP,NL,West
Cal Raleigh,SEA,AL West,S,R,USA,28,C,AL,West
Brooks Raley,NYM,NL East,L,L,USA,37,RP,NL,East
Ranger Suárez,PHI,NL East,L,L,VEN,29,SP,NL,East
Randy Rodríguez,SF,NL West,R,R,DOM,25,RP,NL,West
Randy Vásquez,SD,NL West,R,R,DOM,26,SP,NL,West
Robbie Ray,SF,NL West,L,L,USA,33,SP,NL,West
Marco Raya,MIN,AL Central,R,R,USA,22,SP,AL,Central
J.T. Realmuto,PHI,NL East,R,R,USA,34,C,NL,East
Rob Refsnyder,BOS,AL East,R,R,KOR,34,RF,AL,East
Anthony Rendon,LAA,AL West,R,R,USA,35,3B,AL,West
Sean Reynolds,SD,NL West,L,R,USA,27,RP,NL,West
Rhylan Thomas,SEA,AL West,L,L,USA,25,RF,AL,West
Riley O'Brien,STL,NL Central,R,R,USA,30,RP,NL,Central
Ryan Ritter,COL,NL West,R,R,USA,24,SS,NL,West
River Ryan,LAD,NL West,R,R,USA,26,SP,NL,West
Victor Robles,SEA,AL West,R,R,DOM,28,RF,AL,West
Robert Stephenson,LAA,AL West,R,R,USA,32,RP,AL,West
Robert Suarez,SD,NL West,R,R,VEN,34,RP,NL,West
Rob Zastryzny,MIL,NL Central,R,L,CAN,33,RP,NL,Central
Will Robertson,CWS,AL Central,L,L,USA,27,LF,AL,Central
Sem Robberse,STL,NL Central,R,R,NLD,23,SP,NL,Central
Tekoah Roby,STL,NL Central,R,R,USA,23,SP,NL,Central
Yariel Rodríguez,TOR,AL East,R,R,CUB,28,RP,AL,East
Grayson Rodriguez,BAL,AL East,L,R,USA,25,SP,AL,East
Bradgley Rodriguez,SD,NL West,R,R,VEN,21,RP,NL,West
Taylor Rogers,CHC,NL Central,L,L,USA,34,RP,NL,Central
Tyler Rogers,NYM,NL East,R,R,USA,34,RP,NL,East
Jake Rogers,DET,AL Central,R,R,USA,30,C,AL,Central
Trevor Rogers,BAL,AL East,L,L,USA,27,SP,AL,East
Josh Rojas,CWS,AL Central,L,R,USA,31,3B,AL,Central
Roki Sasaki,LAD,NL West,R,R,JPN,23,SP,NL,West
Ryan Rolison,COL,NL West,R,L,USA,28,RP,NL,West
Roman Anthony,BOS,AL East,L,R,USA,21,RF,AL,East
Ronel Blanco,HOU,AL West,R,R,DOM,31,SP,AL,West
Ronny Simon,PIT,NL Central,S,R,DOM,25,2B,NL,Central
Rowdy Tellez,TEX,AL West,L,L,USA,30,1B,AL,West
Ryan O'Hearn,SD,NL West,L,L,USA,32,1B,NL,West
Ryan Thompson,AZ,NL West,R,R,USA,33,RP,NL,West
Ryan Yarbrough,NYY,AL East,R,L,USA,33,SP,AL,East
Ryan Walker,SF,NL West,R,R,USA,29,RP,NL,West
Ryan Vilade,CIN,NL Central,R,R,USA,26,RF,NL,Central
Ryan Weathers,MIA,NL East,R,L,USA,25,SP,NL,East
Ryan Zeferjahn,LAA,AL West,R,R,USA,27,RP,AL,West
Ryne Stanek,NYM,NL East,R,R,USA,34,RP,NL,East
Thomas Saggese,STL,NL Central,R,R,USA,23,2B,NL,Central
Salvador Perez,KC,AL Central,R,R,VEN,35,C,AL,Central
Samad Taylor,SEA,AL West,R,R,USA,27,RF,AL,West
Gary Sánchez,BAL,AL East,R,R,DOM,32,C,AL,East
Anthony Santander,TOR,AL East,S,R,VEN,30,RF,AL,East
Tony Santillan,CIN,NL Central,R,R,USA,28,RP,NL,Central
Winston Santos,TEX,AL West,R,R,DOM,23,SP,AL,West
Tayler Saucedo,SEA,AL West,L,L,USA,32,RP,AL,West
Josh Sborz,TEX,AL West,R,R,USA,31,SP,AL,West
Casey Schmitt,SF,NL West,R,R,USA,26,3B,NL,West
Spencer Schwellenbach,ATL,NL East,R,R,USA,25,SP,NL,East
Tanner Scott,LAD,NL West,R,L,USA,31,RP,NL,West
Victor Scott II,STL,NL Central,L,L,USA,24,CF,NL,Central
Scott Effross,NYY,AL East,R,R,USA,31,RP,AL,East
Seiya Suzuki,CHC,NL Central,R,R,JPN,30,RF,NL,Central
Anthony Seigler,MIL,NL Central,L,S,USA,26,2B,NL,Central
Marcus Semien,TEX,AL West,R,R,USA,34,2B,AL,West
Antonio Senzatela,COL,NL West,R,R,VEN,30,SP,NL,West
Shane McClanahan,TB,AL East,L,L,USA,28,SP,AL,East
Shay Whitcomb,HOU,AL West,R,R,USA,26,LF,AL,West
Shane Smith,CWS,AL Central,R,R,USA,25,SP,AL,Central
Zack Short,HOU,AL West,R,R,USA,30,3B,AL,West
Simeon Woods Richardson,MIN,AL Central,R,R,USA,24,SP,AL,Central
Josh Simpson,MIA,NL East,L,L,USA,27,RP,NL,East
Jose Siri,NYM,NL East,R,R,DOM,30,CF,NL,East
Tarik Skubal,DET,AL Central,R,L,USA,28,SP,AL,Central
Will Smith,LAD,NL West,R,R,USA,30,C,NL,West
Josh Smith,TEX,AL West,L,R,USA,27,SS,AL,West
Blake Snell,LAD,NL West,L,L,USA,32,SP,NL,West
Tyler Soderstrom,ATH,AL West,L,R,USA,23,LF,AL,West
Jorge Soler,LAA,AL West,R,R,CUB,33,RF,AL,West
Sonny Gray,STL,NL Central,R,R,USA,35,SP,NL,Central
José Soriano,LAA,AL West,R,R,DOM,26,SP,AL,West
Edmundo Sosa,PHI,NL East,R,R,PAN,29,2B,NL,East
Spencer Torkelson,DET,AL Central,R,R,USA,25,1B,AL,Central
Spencer Steer,CIN,NL Central,R,R,USA,27,1B,NL,Central
Spencer Strider,ATL,NL East,R,R,USA,26,SP,NL,East
Tyler Stephenson,CIN,NL Central,R,R,USA,28,C,NL,Central
Steven Wilson,CWS,AL Central,R,R,USA,30,RP,AL,Central
Trevor Story,BOS,AL East,R,R,USA,32,SS,AL,East
Hunter Strickland,LAA,AL West,R,R,USA,36,RP,AL,West
Wander Suero,ATL,NL East,R,R,DOM,33,RP,NL,East
Tomoyuki Sugano,BAL,AL East,R,R,JPN,35,SP,AL,East
Dansby Swanson,CHC,NL Central,R,R,USA,31,SS,NL,Central
Trey Sweeney,DET,AL Central,L,R,USA,25,SS,AL,Central
Taijuan Walker,PHI,NL East,R,R,USA,32,SP,NL,East
Fernando Tatis Jr.,SD,NL West,R,R,DOM,26,RF,NL,West
Tim Tawa,AZ,NL West,R,R,USA,26,2B,NL,West
Michael A. Taylor,CWS,AL Central,R,R,USA,34,RF,AL,Central
Taylor Ward,LAA,AL West,R,R,USA,31,LF,AL,West
Tyrone Taylor,NYM,NL East,R,R,USA,31,CF,NL,East
Taylor Walls,TB,AL East,S,R,USA,29,SS,AL,East
Taylor Trammell,HOU,AL West,L,L,USA,27,LF,AL,West
Troy Taylor,SEA,AL West,R,R,USA,23,RP,AL,West
Grant Taylor,CWS,AL Central,R,R,USA,23,RP,AL,Central
José Tena,WSH,NL East,L,R,DOM,24,3B,NL,East
Bryce Teodosio,LAA,AL West,R,L,USA,26,CF,AL,West
Terrin Vavra,BAL,AL East,L,R,USA,28,2B,AL,East
Trent Thornton,SEA,AL West,R,R,USA,31,RP,AL,West
Zack Thompson,STL,NL Central,L,L,USA,27,SP,NL,Central
Blade Tidwell,SF,NL West,R,R,USA,24,SP,NL,West
Tyler Tolbert,KC,AL Central,R,R,USA,27,2B,AL,Central
Tommy Edman,LAD,NL West,S,R,USA,30,2B,NL,West
Travis d'Arnaud,LAA,AL West,R,R,USA,36,C,AL,West
Triston Casas,BOS,AL East,L,R,USA,25,1B,AL,East
Tristan Gray,TB,AL East,L,R,USA,29,3B,AL,East
Tucupita Marcano,SD,NL West,L,R,VEN,25,SS,NL,West
Justin Turner,CHC,NL Central,R,R,USA,40,1B,NL,Central
Trea Turner,PHI,NL East,R,R,USA,32,SS,NL,East
Tyler Wade,SD,NL West,L,R,USA,30,CF,NL,West
Tyler Wells,BAL,AL East,R,R,USA,30,SP,AL,East
Tyler Zuber,MIA,NL East,R,R,USA,30,RP,NL,East
Tyler Black,MIL,NL Central,L,R,CAN,25,3B,NL,Central
José Ureña,MIN,AL Central,R,R,DOM,33,RP,AL,Central
Ramón Urías,HOU,AL West,R,R,MEX,31,3B,AL,West
José Urquidy,DET,AL Central,R,R,MEX,30,SP,AL,Central
Zac Veen,COL,NL West,L,R,USA,23,RF,NL,West
Anthony Veneziano,MIA,NL East,L,L,USA,27,RP,NL,East
Will Vest,DET,AL Central,R,R,USA,30,RP,AL,Central
Victor Vodnik,COL,NL West,R,R,USA,25,RP,NL,West
Victor Mesa Jr.,MIA,NL East,L,L,CUB,23,CF,NL,East
Anthony Volpe,NYY,AL East,R,R,USA,24,SS,AL,East
Will Wagner,SD,NL West,L,R,USA,27,3B,NL,West
Will Warren,NYY,AL East,R,R,USA,26,SP,AL,East
Weston Wilson,PHI,NL East,R,R,USA,30,LF,NL,East
Zack Wheeler,PHI,NL East,L,R,USA,35,SP,NL,East
Carson Whisenhunt,SF,NL West,L,L,USA,24,SP,NL,West
Willi Castro,CHC,NL Central,S,R,PRI,28,LF,NL,Central
Trevor Williams,WSH,NL East,R,R,USA,33,SP,NL,East
Will Wilson,CLE,AL Central,R,R,USA,27,3B,AL,Central
Josh Winckowski,BOS,AL East,R,R,USA,27,RP,AL,East
Grant Wolfram,BAL,AL East,L,L,USA,28,RP,AL,East
Jake Woodford,AZ,NL West,R,R,USA,28,RP,NL,West
Yoshinobu Yamamoto,LAD,NL West,R,R,JPN,26,SP,NL,West
Christian Yelich,MIL,NL Central,L,R,USA,33,LF,NL,Central
Yerry De los Santos,NYY,AL East,R,R,DOM,27,RP,AL,East
Yoán Moncada,LAA,AL West,S,R,CUB,30,3B,AL,West
Yohan Ramírez,PIT,NL Central,R,R,DOM,30,RP,NL,Central
Yosver Zulueta,CIN,NL Central,R,R,CUB,27,RP,NL,Central
Josh Walker,PHI,NL East,L,L,USA,30,RP,NL,East
Ryan Noda,BAL,AL East,L,L,USA,29,1B,AL,East
Adrian Morejon,SD,NL West,L,L,CUB,26,RP,NL,West
Jose Trevino,CIN,NL Central,R,R,USA,32,C,NL,Central
Steven Kwan,CLE,AL Central,L,L,USA,27,LF,AL,Central
Blake Treinen,LAD,NL West,R,R,USA,37,RP,NL,West
Ian Hamilton,NYY,AL East,R,R,USA,30,RP,AL,East
Adrian Del Castillo,AZ,NL West,L,R,USA,25,C,NL,West
Josiah Gray,WSH,NL East,R,R,USA,27,SP,NL,East
Andrew McCutchen,PIT,NL Central,R,R,USA,38,RF,NL,Central
Jake Burger,TEX,AL West,R,R,USA,29,1B,AL,West
Blake Walston,AZ,NL West,L,L,USA,24,SP,NL,West
Jake McCarthy,AZ,NL West,L,L,USA,28,CF,NL,West
Grant McCray,SF,NL West,L,R,USA,24,CF,NL,West
